type,YEARLY WISE VISITORS,YEARLY WISE VISITORS,YEARLY WISE VISITORS,YEARLY WISE VISITORS,YEARLY WISE VISITORS,YEARLY WISE VISITORS,YEARLY WISE VISITORS,QUARTER WISE VISITORS,QUARTER WISE VISITORS,QUARTER WISE VISITORS,QUARTER WISE VISITORS,QUARTER WISE VISITORS,QUARTER WISE VISITORS,QUARTER WISE VISITORS,QUARTER WISE VISITORS,QUARTER WISE VISITORS,QUARTER WISE VISITORS,QUARTER WISE VISITORS,QUARTER WISE VISITORS,QUARTER WISE VISITORS,QUARTER WISE VISITORS,QUARTER WISE VISITORS,QUARTER WISE VISITORS,QUARTER WISE VISITORS,QUARTER WISE VISITORS,QUARTER WISE VISITORS,QUARTER WISE VISITORS,QUARTER WISE VISITORS,QUARTER WISE VISITORS,QUARTER WISE VISITORS,QUARTER WISE VISITORS,QUARTER WISE VISITORS,QUARTER WISE VISITORS,QUARTER WISE VISITORS,QUARTER WISE VISITORS,COUNTRY WISE AGE GROUP,COUNTRY WISE AGE GROUP,COUNTRY WISE AGE GROUP,COUNTRY WISE AGE GROUP,COUNTRY WISE AGE GROUP,COUNTRY WISE AGE GROUP,COUNTRY WISE AGE GROUP,COUNTRY WISE AGE GROUP,COUNTRY WISE AGE GROUP,COUNTRY WISE AGE GROUP,COUNTRY WISE AGE GROUP,COUNTRY WISE AGE GROUP,COUNTRY WISE AGE GROUP,COUNTRY WISE AGE GROUP,COUNTRY WISE AGE GROUP,COUNTRY WISE AGE GROUP,COUNTRY WISE AGE GROUP,COUNTRY WISE AGE GROUP,COUNTRY WISE AGE GROUP,COUNTRY WISE AGE GROUP,COUNTRY WISE AGE GROUP,COUNTRY WISE AGE GROUP,COUNTRY WISE AGE GROUP,COUNTRY WISE AGE GROUP,COUNTRY WISE AGE GROUP,COUNTRY WISE AGE GROUP,COUNTRY WISE AGE GROUP,COUNTRY WISE AGE GROUP,COUNTRY WISE AGE GROUP,COUNTRY WISE AGE GROUP,COUNTRY WISE AGE GROUP,COUNTRY WISE AGE GROUP,COUNTRY WISE AGE GROUP,COUNTRY WISE AGE GROUP,COUNTRY WISE AGE GROUP,COUNTRY WISE AGE GROUP,COUNTRY WISE AGE GROUP,COUNTRY WISE AGE GROUP,COUNTRY WISE AGE GROUP,COUNTRY WISE AGE GROUP,COUNTRY WISE AGE GROUP,COUNTRY WISE AGE GROUP,COUNTRY WISE AGE GROUP,COUNTRY WISE AGE GROUP,COUNTRY WISE AGE GROUP,COUNTRY WISE AGE GROUP,COUNTRY WISE AGE GROUP,COUNTRY WISE AGE GROUP,COUNTRY WISE AGE GROUP,COUNTRY WISE AIRPORT,COUNTRY WISE AIRPORT,COUNTRY WISE AIRPORT,COUNTRY WISE AIRPORT,COUNTRY WISE AIRPORT,COUNTRY WISE AIRPORT,COUNTRY WISE AIRPORT,COUNTRY WISE AIRPORT,COUNTRY WISE AIRPORT,COUNTRY WISE AIRPORT,COUNTRY WISE AIRPORT,COUNTRY WISE AIRPORT,COUNTRY WISE AIRPORT,COUNTRY WISE AIRPORT,COUNTRY WISE AIRPORT,COUNTRY WISE AIRPORT,COUNTRY WISE AIRPORT,COUNTRY WISE AIRPORT,COUNTRY WISE AIRPORT,COUNTRY WISE AIRPORT,COUNTRY WISE AIRPORT,COUNTRY WISE AIRPORT,COUNTRY WISE AIRPORT,COUNTRY WISE AIRPORT,COUNTRY WISE AIRPORT,COUNTRY WISE AIRPORT,COUNTRY WISE AIRPORT,COUNTRY WISE AIRPORT,COUNTRY WISE AIRPORT,COUNTRY WISE AIRPORT,COUNTRY WISE AIRPORT,COUNTRY WISE AIRPORT,COUNTRY WISE AIRPORT,COUNTRY WISE AIRPORT,COUNTRY WISE AIRPORT,COUNTRY WISE AIRPORT,COUNTRY WISE AIRPORT,COUNTRY WISE AIRPORT,COUNTRY WISE AIRPORT,COUNTRY WISE AIRPORT,COUNTRY WISE AIRPORT,COUNTRY WISE AIRPORT,COUNTRY WISE AIRPORT,COUNTRY WISE AIRPORT,COUNTRY WISE AIRPORT,COUNTRY WISE AIRPORT,COUNTRY WISE AIRPORT,COUNTRY WISE AIRPORT,COUNTRY WISE AIRPORT,COUNTRY WISE AIRPORT,COUNTRY WISE AIRPORT,COUNTRY WISE AIRPORT,COUNTRY WISE AIRPORT,COUNTRY WISE AIRPORT,COUNTRY WISE AIRPORT,COUNTRY WISE AIRPORT,COUNTRY WISE GENDER,COUNTRY WISE GENDER,COUNTRY WISE GENDER,COUNTRY WISE GENDER,COUNTRY WISE GENDER,COUNTRY WISE GENDER,COUNTRY WISE GENDER,COUNTRY WISE GENDER,COUNTRY WISE GENDER,COUNTRY WISE GENDER,COUNTRY WISE GENDER,COUNTRY WISE GENDER,COUNTRY WISE GENDER,COUNTRY WISE GENDER,COUNTRY WISE VISITOR WAYS,COUNTRY WISE VISITOR WAYS,COUNTRY WISE VISITOR WAYS,COUNTRY WISE VISITOR WAYS,COUNTRY WISE VISITOR WAYS,COUNTRY WISE VISITOR WAYS,COUNTRY WISE VISITOR WAYS,COUNTRY WISE VISITOR WAYS,COUNTRY WISE VISITOR WAYS,COUNTRY WISE VISITOR WAYS,COUNTRY WISE VISITOR WAYS,COUNTRY WISE VISITOR WAYS,COUNTRY WISE VISITOR WAYS,COUNTRY WISE VISITOR WAYS,COUNTRY WISE VISITOR WAYS,COUNTRY WISE VISITOR WAYS,COUNTRY WISE VISITOR WAYS,COUNTRY WISE VISITOR WAYS,COUNTRY WISE VISITOR WAYS,COUNTRY WISE VISITOR WAYS,COUNTRY WISE VISITOR WAYS,COUNTRY WISE VISITOR WAYS,COUNTRY WISE VISITOR WAYS,COUNTRY WISE VISITOR WAYS,COUNTRY WISE VISITOR WAYS,COUNTRY WISE VISITOR WAYS,COUNTRY WISE VISITOR WAYS,COUNTRY WISE VISITOR WAYS
Country,2014,2015,2016,2017,2018,2019,2020,2014 1st quarter (Jan-March),2014 2nd quarter (Apr-June),2014 3rd quarter (July-Sep),2014 4th quarter (Oct-Dec)),2015 1st quarter (Jan-March) ,2015 2nd quarter (Apr-June),2015 3rd quarter (July-Sep) ,2015 4th quarter (Oct-Dec) ,2016 1st quarter (Jan-March) ,2016 2nd quarter (Apr-June),2016 3rd quarter (July-Sep) ,2016 4th quarter (Oct-Dec) ,2017 1st quarter (Jan-March) ,2017 2nd quarter (Apr-June),2017 3rd quarter (July-Sep) ,2017 4th quarter (Oct-Dec) ,2018 1st quarter (Jan-March) ,2018 2nd quarter (Apr-June),2018 3rd quarter (July-Sep) ,2018 4th quarter (Oct-Dec) ,2019 1st quarter (Jan-March) ,2019 2nd quarter (Apr-June),2019 3rd quarter (July-Sep) ,2019 4th quarter (Oct-Dec) ,2020 1st quarter (Jan-March) ,2020 2nd quarter (Apr-June),2020 3rd quarter (July-Sep) ,2020 4th quarter (Oct-Dec) ,2014 0-14, 2014 15-24, 2014 25-34,2014 35-44,2014 45-54,2014 55-64,2014 65 AND ABOVE,2015 0-14, 2015 15-24, 2015 25-34,2015 35-44,2015 45-54,2015 55-64,2015 65 AND ABOVE,2016 0-14, 2016 15-24, 2016 25-34,2016 35-44,2016 45-54,2016 55-64,2016 65 AND ABOVE,2017 0-14, 2017 15-24, 2017 25-34,2017 35-44,2017 45-54,2017 55-64,2017 65 AND ABOVE,2018 0-14, 2018 15-24, 2018 25-34,2018 35-44,2018 45-54,2018 55-64,2018 65 AND ABOVE,2019 0-14, 2019 15-24, 2019 25-34,2019 35-44,2019 45-54,2019 55-64,2019 65 AND ABOVE,2020 0-14, 2020 15-24, 2020 25-34,2020 35-44,2020 45-54,2020 55-64,2020 65 AND ABOVE,2014 Delhi (Airport), 2014 Mumbai (Airport), 2014 Chennai (Airport),2014 Calicut (Airport),2014 Benguluru (Airport),2014 Kolkata (Airport),2014 Hyderabad (Airport),2014 Cochin (Airport) ,2015 Delhi (Airport), 2015 Mumbai (Airport), 2015 Chennai (Airport),2015 Calicut (Airport),2015 Benguluru (Airport),2015 Kolkata (Airport),2015 Hyderabad (Airport),2015 Cochin (Airport),2016 Delhi (Airport), 2016 Mumbai (Airport), 2016 Chennai (Airport),2016 Calicut (Airport),2016 Benguluru (Airport),2016 Kolkata (Airport),2016 Hyderabad (Airport),2016 Cochin (Airport),2017 Delhi (Airport), 2017 Mumbai (Airport), 2017 Chennai (Airport),2017 Calicut (Airport),2017 Benguluru (Airport),2017 Kolkata (Airport),2017 Hyderabad (Airport),2017 Cochin (Airport),2018 Delhi (Airport), 2018 Mumbai (Airport), 2018 Chennai (Airport),2018 Calicut (Airport),2018 Benguluru (Airport),2018 Kolkata (Airport),2018 Hyderabad (Airport),2018 Cochin (Airport),2019 Delhi (Airport), 2019 Mumbai (Airport), 2019 Chennai (Airport),2019 Calicut (Airport),2019 Benguluru (Airport),2019 Kolkata (Airport),2019 Hyderabad (Airport),2019 Cochin (Airport),2020 Delhi (Airport), 2020 Mumbai (Airport), 2020 Chennai (Airport),2020 Calicut (Airport),2020 Benguluru (Airport),2020 Kolkata (Airport),2020 Hyderabad (Airport),2020 Cochin (Airport),2014 Male,2014 Female,2015 Male,2015 Female,2016 Male,2016 Female,2017 Male,2017 Female,2018 Male,2018 Female,2019 Male,2019 Female,2020 Male,2020 Female,2014 AIR,2014 SEA,2014 RAIL,2014 LAND,2015 AIR,2015 SEA,2015 RAIL,2015 LAND,2016 AIR,2016 SEA,2016 RAIL,2016 LAND,2017 AIR,2017 SEA,2017 RAIL,2017 LAND,2018 AIR,2018 SEA,2018 RAIL,2018 LAND,2019 AIR,2019 SEA,2019 RAIL,2019 LAND,2020 AIR,2020 SEA,2020 RAIL,2020 LAND
Canada,268485,281306,317239,335439,351040,351859,122868,33.1,14.5,15.7,36.7,34.2,14.5,15.9,35.4,34.5,14.1,16.5,34.9,33.9,13.9,16.9,35.3,36.72,14.14,16.19,32.94,36.4,14.3,14.8,34.5,88.9,0.3,2,8.8,15.2,6.9,11.7,17,18.2,15.6,15.4,15.3,6.8,12.1,17.2,18.5,15.3,14.8,15.1,6.8,12,17,18.7,15.4,15.1,14.9,6.7,11.5,16.8,19.2,15.6,15.3,14.8,6.5,11.2,16.6,19.5,15.7,15.7,15,6.1,11.7,16.5,19.2,15.7,15.8,15.7,4.6,12.6,15.8,18.3,16.5,16.4,21.1,1.3,6,53.5,4.4,2.8,10.9,0,19.7,1.5,6,54.5,4.6,3.1,10.6,0,57.1,18.1,5.7,0,4.3,1.6,2.9,2.5,56.7,19.5,5.4,0,4.3,2.7,2.6,2.1,55.2,20.8,5.1,0,5.1,1.5,2.9,3,63.8,15.1,4,0.3,4.6,0.9,3.3,2.8,71.7,10.5,2.6,0.2,3.9,0.5,2.6,2.5,53.7,46.3,53.8,46.2,53.4,46.6,53,47,53.1,46.9,53.1,46.9,53.23,46.77,99.2,0.1,0,0.7,99,0.5,0,0.5,99.1,0.5,0,0.4,99,0.6,0,0.4,98.5,1,0,0.5,98.1,1.22,0.01,0.67,98.1,1,0,0.9
U.S.A,1118983,1213624,1296939,1376919,1456678,1512032,394092,25.7,22,20.6,31.7,26.4,22.1,19.6,31.9,25.7,21.2,20.8,32.3,25.3,21.6,20.7,32.5,26.72,21.84,20.23,31.22,26.9,21.4,19.3,32.3,84.5,0.9,3.8,10.8,19.8,6.7,10.1,17.4,20.5,15,10.5,20,6.9,10.4,17.2,20.4,14.4,10.6,20.1,7,10.2,16.6,20.8,14.5,10.9,19.7,7.1,10,16.1,21,14.6,11.5,19.7,7.1,9.6,15.8,21.4,14.7,11.7,19.6,7,9.6,15.5,21.8,14.8,11.8,13.8,5.3,11.3,14.1,21.9,18.7,14.9,25.8,2,8.3,31.1,10.2,8.9,13.7,0,23.9,2.3,8.1,31.1,10.5,9.5,14.6,0,30.9,22.7,8.4,0,10.3,2.3,9.6,4.5,31,23.1,8.1,0,10.2,9.4,4.4,2.5,31.1,23.1,8.4,0,10.5,2.3,9.6,4.5,27.6,23.4,10.5,0.2,12,2.7,13.7,2.6,40.1,22.3,7.1,0.1,8.7,1.9,11.7,2,55.9,44.1,55.5,44.5,55.1,44.9,54.8,45.2,54.8,45.2,54.7,45.3,55.13,44.87,99.5,0.1,0,0.4,99.3,0.5,0,0.2,99.5,0.3,0,0.2,99.2,0.5,0,0.2,99,0.7,0,0.3,98.97,0.68,0.01,0.34,99.1,0.5,0,0.4
Argentina,9731,9351,12308,14875,16345,12844,4294,46.8,15.6,13.9,23.7,40.6,17.5,14.6,27.3,41.7,14.1,16.2,28,44.3,14.3,14.6,26.8,46.65,17.42,15.71,20.22,41.5,16.8,16.7,25.1,97.8,0.2,0.5,1.5,1.6,5.5,26.6,19.3,17.6,17.5,11.9,2.2,5.9,28.5,21.6,16.9,15.8,9.1,1.7,5.8,27.5,20.6,18.2,16.4,9.8,1.4,5.8,28.7,20.1,16.4,16.8,10.8,1.8,5.3,28.4,21.1,16.2,16.1,11.1,1.8,4.9,25.9,22.5,16.7,17.7,10.6,2.2,7.1,23.1,19.7,18.4,18.6,10.9,18.7,3,4.1,57.1,5.7,1.5,9.9,0,17.3,4.6,4.5,56.7,7.5,1.1,8.3,0,64.3,11.8,4.1,0,9.1,3.7,1.1,1.4,68,10.3,3.9,0,5.7,3.1,1,1.3,71.1,9.9,3.5,0,5,1.8,0.8,2.1,31.8,39.9,5.7,0.1,10.9,3.8,3.5,1.1,30.4,34.7,6.4,0,11.5,2,3.7,5.3,46.2,53.8,47.2,52.8,45.7,54.3,43.2,56.8,42.6,57.4,44.8,55.2,38.91,61.09,97.9,0,0,2.1,97.7,0.4,0,1.9,98.5,0.8,0,0.7,97.4,1.1,0,1.5,97.2,1.3,0,1.5,96.61,1.54,0.02,1.83,97.3,1.5,0,1.2
Brazil,19563,20610,21289,24453,26579,25422,8092,31,18.8,18.7,31.5,34.8,19,19.6,26.6,29.7,16.7,19.7,33.9,31.9,18.5,19.5,30.1,34.25,18.8,18.95,28,32.1,19.5,18.7,29.7,92.6,0.9,2.3,4.1,2.5,6.7,27.3,23.4,19.1,15,6,2.6,8.1,29.2,23.9,17.4,13.5,5.3,2.7,8.5,29.8,25.1,16.5,12.1,5.3,2.6,7.1,28.9,24.9,16.5,13.6,6.4,2.5,6.4,26.6,26.5,16.6,13.9,7.5,2.5,6.1,27.2,27.4,16.6,13.4,6.8,2.7,5.9,24.5,27,18,15,6.9,22,2.6,5.6,49,10.1,2.8,7.9,0,20.6,3.1,6.5,48.1,10.1,2.6,9,0,50.8,17.9,6.7,0.1,9.1,2.9,2.9,2,51.7,18.6,6.8,0,8.2,2.9,2.8,10.1,53.5,17.9,6,0,8.4,2.1,3.1,2.4,26.6,38.3,7.7,0.3,8.9,2.4,6.2,3.3,32.8,46.1,4.4,0.1,4.5,0.6,3.1,2.6,53.7,46.3,54.3,45.7,54.1,45.9,52.9,47.1,51.7,48.3,53.9,46.1,49.86,50.14,98.7,0.2,0,1.1,99.3,0.4,0,0.3,99,0.6,0,0.4,98.5,0.9,0,0.5,97.3,2.1,0,0.6,96.93,2.33,0,0.74,97.1,2.4,0,0.5
Mexico,13978,14049,15689,18114,19909,20766,4580,23.6,20.3,26.5,29.6,28.1,21.3,23.4,27.2,25.4,17.9,23.4,33.3,24.3,22.6,21.8,31.3,27.04,19.02,22.6,31.34,25,21.8,21.9,31.2,95.8,0.5,1.2,2.4,2.7,8.7,25.1,22.5,17.9,15.7,7.4,2.7,9.2,27.3,22.2,17.7,14.4,6.5,2.9,9.4,28.3,21.9,17.6,14.1,5.8,2.7,9,28.9,21.3,17.1,14.8,6.3,2.9,8,27.4,21.9,16.7,15.8,7.3,2.7,7.6,26.9,21.9,17.3,15.7,7.7,2.4,5.9,26.8,22.3,18.3,16.2,8,14.7,2.1,6.1,62.8,5.7,1.9,6.7,0,15.8,2.1,6.2,59.1,6.2,2.6,8,0,59.5,14.2,6,0,6.3,2.3,2,1.5,65.3,12.1,4.8,0,5.3,2.2,2,2.1,61.8,12.8,4.6,0,9.2,2.1,1.9,2.2,36.1,37.3,8,0.1,13.4,1.2,1.6,1.1,36.8,36.3,7.2,0.1,12.1,1.5,2.8,0.5,50.8,49.2,51.9,48.1,50.8,49.2,48.8,51.2,47.8,52.2,48.7,51.3,47.86,52.14,99.1,0.2,0,0.7,98,1.6,0,0.4,96.4,3.2,0,0.4,97.4,2.2,0,0.3,97,2.6,0,0.4,95.82,3.89,0,0.29,96.7,2.8,0,0.4
Austria,34360,33670,33089,31832,33200,32332,9182,33.1,17.1,20.5,29.3,33.6,16.9,21.6,27.9,34.4,15.6,20.5,29.5,33.2,17.1,20.7,29,34.82,16.19,20.48,28.52,34.3,17.3,19.8,28.6,91.6,0.4,2.7,5.3,4.8,7.6,16,19.5,25.7,17.3,9.1,4.9,8,16.3,19.3,25.6,17.4,8.7,5.1,8.2,15.7,17.4,24.8,18.4,10.3,,9,16.1,17.4,24.2,19,9.2,5,8.6,15.9,16.3,23.1,19.8,11.3,5,8,15.6,16.1,22.6,20.8,11.8,3,7,16.3,15.2,21.8,23.5,13.2,14.6,1.7,6.2,54.7,6.3,1,15.5,0,14.8,2,4.9,54,6.5,1.2,16.6,0,47.2,15.3,5.4,0.1,7,2.1,1.1,9.5,45,16.2,4.9,0,7.5,2,1.5,2.5,49.4,15.6,4.7,0,6.6,2,1.7,9,57.7,20.7,3.5,0.5,5.4,3,1.6,2.3,63.4,11.7,3.2,0.9,6.2,1.9,2.4,3.9,57.2,42.8,57.2,42.8,58.2,41.8,58.1,41.9,58.2,41.8,57.1,42.9,55.48,44.52,99,0.1,0,0.9,98.8,0.6,0,0.6,97.3,2.3,0,0.4,98.2,1.4,0,0.4,97.4,2.1,0,0.5,97.04,2.34,0,0.62,97.2,2.3,0,0.5
Belgium,37441,36684,37960,41902,44086,39263,11022,28.8,18.5,22.4,30.3,28.5,18.1,22.6,30.8,30.2,16,22.7,31.2,27.2,18.3,22.6,31.9,30.49,17.98,21.37,30.15,29.4,17.4,21.9,31.4,84.8,0.9,3.2,11,6.6,8.2,14.7,19.3,24.6,17.9,8.7,7,8.7,15,19.7,24,17,8.5,7.3,8.5,15.4,19.9,24.1,16.7,8.1,7.2,8,16.5,20.7,24,16.1,7.5,7.1,8,15.9,19.5,23.2,17,9.3,7.5,8.1,15,18.2,23.5,18.2,9.4,6.4,6.9,15.1,18,23,19,11.6,35.1,1.3,7.1,42.9,5,1.5,7.1,0,34.7,1.3,7.2,40.7,5.7,1.7,8.7,0,39,32.6,8.4,0,6.6,1.6,2,2.1,36.8,37.6,6.8,0,6.2,1.3,1.8,1.5,38.2,38.3,6.5,0,6.4,1.2,1.7,1.8,25.7,43.1,7.5,0.2,9.8,2.4,5.3,2.1,34.5,39,5.7,0.25,10.1,1.8,3.7,2.9,60.2,39.8,60.9,39.1,61.5,38.5,60.5,39.5,59.6,40.4,60.8,39.2,60.38,39.62,99.2,0,0,0.8,98.9,0.5,0,0.6,98.6,1.2,0,0.2,98.6,1,0,0.4,98.3,1.2,0,0.5,97.92,1.47,0,0.61,97.7,1.5,0,0.7
Denmark,26775,24073,24717,26761,28195,26492,8252,40,16,16.2,27.8,38.1,15.7,17.3,28.9,38,15,17.4,29.7,36.3,16.2,16.4,31.1,39.12,14.75,17.25,28.88,38,17.2,16.3,28.6,96.4,0.2,1,2.4,5.3,10.9,12.8,20.4,24.3,15.8,10.5,5.3,10,12.9,20.9,26,15,9.9,5.5,9.7,12.4,20.2,25.6,16,10.6,5.2,10.5,12.8,18.4,26.1,16.3,10.7,5.8,10.7,12.2,17.2,25.6,16.8,11.7,5.2,9.2,12.7,16.1,25.8,17.9,13,5.1,10.5,11.5,14.7,23.8,18.3,16.1,22.3,1.8,10.9,37.6,10,1.5,15.9,0,23.1,2.1,11.3,36,11.2,1.5,14.8,0,35.9,22.5,11.3,0,10.7,2.1,1.6,3,41.5,18.7,9.9,0,11,2,1.8,2.9,45.7,14.9,9.1,0,10.4,1.9,1.4,2.3,54.2,16.8,8.5,0.2,10.3,2.5,2.2,1.7,49.8,20.1,8.3,0.1,13.3,2.1,2.5,1.2,57.1,42.9,59.2,40.8,58.7,41.3,58.8,41.2,56.8,43.2,57.9,42.1,53.08,46.92,99.1,0.3,0,0.6,98.8,0.8,0,0.4,98.7,1,0,0.2,99,0.7,0,0.4,98.8,0.8,0,0.4,98.22,1.33,0,0.45,97.9,1.7,0,0.4
Finland,18765,18129,18371,20384,21239,18945,4310,38.6,17.5,13.5,30.4,39.1,16.1,12.7,32.1,40.2,15.5,12.7,31.6,,,,,41.88,15.84,12.68,29.6,41.7,17.5,14.7,26,95.5,0.2,1,3.3,4.3,6.3,16.3,23.8,25.1,16.4,7.8,4.3,6.3,16.1,23.2,26,16.2,7.9,5,5.9,16.8,23.2,24.7,16.2,8.2,4.8,6.5,16.9,23.7,23.9,16.4,7.8,4.9,6.5,16.7,23.3,24.3,16.2,8.1,5,5.6,15.6,25,25.1,16.1,7.7,5.3,5.1,14.5,23,22.7,16.6,12.7,15.5,1,5,56.9,5.3,0.8,15.5,0,14.1,1,3.9,59.2,4.7,1,16.1,0,58.5,13.5,4.4,0.1,4,0.7,1.1,1.8,55.5,9.2,4.3,0,4.1,0.8,1.2,3.2,57.3,7.7,3.4,0,3.7,0.8,1.1,1.8,58.7,17.6,7.1,0.2,8.3,2.1,2.5,1.2,61.4,19.4,5.3,0.4,7.5,1.5,2.7,0.8,55,45,54.4,45.6,54.5,45.5,53.6,46.4,52.7,47.3,54.7,45.3,56.87,43.13,99.1,0.1,0,0.8,99.1,0.2,0,0.7,99.2,0.4,0,0.4,99.4,0.3,0,0.3,99.1,0.4,0,0.5,98.87,0.65,0,0.48,97.8,1.9,0,0.3
France,246101,230854,238707,249620,261653,247238,74243,32.3,17.8,22.4,27.5,33.2,17.6,22.1,27.1,32.6,17.2,22,28.2,33.3,16.4,21.9,28.4,34.22,16.3,21.8,27.69,34.8,16.5,21.2,27.4,88.8,0.6,4.5,6,5.9,7.6,15.6,18.4,20.7,18.7,13.1,6,7.8,15.8,19,21.2,17.7,12.5,5.9,7.8,15.7,18.4,21.2,17.9,13,5.9,8.2,15.7,18,21.2,17.8,13.1,5.8,8,15.9,16.8,21.1,18.1,14.3,5.8,7.9,16,16.9,21.6,18,13.9,4.4,5.7,14.3,15.9,21.9,20.4,17.4,19.6,1.2,20.2,42.9,8.9,0.9,6.3,0,21.6,1.3,19.3,40.4,10,0.9,6.5,0,39.2,21.8,19.9,0,9.9,1.2,1,2.5,38.6,21.5,19.8,0,10.3,1.1,1.2,8.1,39,18.4,22.2,0,10.2,1.2,1.2,2.6,38.5,24.9,10.6,0.2,12.4,3.4,3.3,2.4,45.9,20.8,9.4,0.2,14.2,1.5,2.6,1.7,54.1,45.9,54.5,45.5,54.6,45.4,54,46,53.6,46.4,53.5,46.5,50.23,49.77,99.2,0.1,0,0.7,99.3,0.2,0,0.5,99.3,0.5,0,0.2,99,0.5,0,0.5,98.7,0.8,0,0.5,98.7,0.75,0,0.55,98.7,0.8,0,0.5
Germany,239106,248314,265928,269380,274087,264973,72558,32.1,17.6,19.9,30.4,33.6,16.6,19.4,30.4,32.9,16.2,19.1,31.8,,,,,33.76,16.83,19.32,30.09,32.7,19,18.5,29.7,88.4,0.8,4.7,6,4.1,6.4,16.7,19.1,28.6,16.4,8.7,4.4,7,17.3,19,27.7,16.1,8.5,4.3,7.2,16.8,17.9,27,16.9,9.9,4.4,7.5,17.3,18.2,26.1,17.2,9.3,4.5,7.4,17.1,17.6,24.7,18.5,10.2,4.5,6.7,16.9,18,23.9,19.2,10.8,3.9,6.3,17.6,17.3,22.4,20.5,12,21.5,2.2,9,40.2,11.8,1.2,14.1,0,21.9,2.1,8.7,38.1,12.3,1.4,15.5,0,37.3,20.5,8.3,0,11.9,1.9,1.4,4,39.5,21,8.2,0,12,1.9,1.4,19.7,40.9,22.7,8,0,12.1,1.7,1.5,3.8,34,30.8,6.9,0.4,15.6,2.1,3.1,2.7,41.7,22.7,5.7,0.4,18,1.7,3.4,3.4,60.3,39.7,60.3,39.7,59.3,40.7,59.5,40.5,58.9,41.1,58.4,41.6,56.68,43.32,99,0.2,0,0.8,96.9,2.6,0,0.5,93.9,5.8,0,0.2,96.2,3.4,0,0.4,95.8,3.6,0,0.6,94.48,4.96,0.01,0.55,95.1,4.4,0,0.5
Greece,8300,8087,9048,10286,10656,10317,2854,28.9,18.4,22.7,30,28.9,20.5,19.6,31,27.3,18.2,21.2,33.3,27.3,18.8,21.4,32.5,31.16,19.44,20.89,28.51,30.9,18.3,19.3,31.6,87,0.8,3.7,8.5,1.7,3.3,21.1,25.1,24.8,17.5,6.5,2,3.7,23.1,26.2,24.5,15.3,5.2,2.1,4.9,21,24.9,23.7,17.4,6,1.8,6,25.9,23.4,21.9,15.1,6,2.1,4.8,24.5,23.1,22.1,16.2,7.2,2.4,4.5,23.8,22.6,21.5,18,7.2,2.3,6.4,22.6,21.3,22.4,17.5,7.6,21.4,2.9,6.5,36.3,7.3,4.1,21.5,0,22.6,3.3,6.2,35.6,8.1,3.5,20.7,0,39.1,20.2,6.8,0,7.9,3.4,3.5,4.4,37.5,16.4,7.2,0,7.5,2.7,4.6,3.1,43.2,16.3,6.8,0,7.5,2.9,4.5,6.6,56.3,24.9,2.2,0.1,6.5,3.1,2.5,1.5,71.4,15.3,2.1,0.1,3.3,2.9,2.9,0.7,65.5,34.5,67.2,32.8,64.2,35.8,59.3,40.7,58.5,41.5,60,40,63.14,36.86,94.8,4.1,0,1.1,94.7,4.7,0,0.6,94.4,5.1,0,0.5,97.9,1.6,0,0.6,96,3.2,0,0.8,94.73,4.88,0,0.4,92.2,7.3,0,0.5
Ireland,28978,32973,36440,37993,39276,41183,9708,26.1,23.7,21.6,28.6,26.3,22.1,22.4,29.2,27.5,21.1,22.4,29,25.2,24.1,22.8,27.9,28.36,21.63,21.98,28.04,26.4,24.8,21.4,27.5,87.1,0.6,3.1,9.3,16.7,6.4,17.9,26,18.6,10.1,4.3,17.5,6.9,17.4,26.2,17.9,9.9,4.2,16.3,7.6,17,26.2,17.9,10.2,4.8,16.1,7.6,16.1,26,19,10.3,4.9,15.5,7.5,14.6,25.8,19.7,11.1,5.8,15.6,7.6,14.3,24.4,20.5,11.6,6.1,9.5,6.7,16.1,22,21.2,14.6,10,20.5,4.1,7.3,28.1,9.9,4.5,25.6,0,17.9,4.3,7,26.7,10.1,4.9,29.1,0,28.5,16.7,6.9,0,9.8,4.1,4.9,18.6,28.4,15.9,6.8,0,9.5,4.2,4.5,1.7,28.7,15.2,6.8,0,10.2,3.9,4.7,18.8,25.9,20.1,8.7,1.1,13.5,2.1,6.7,18.3,33.2,22.4,5.6,0.5,19.4,0.9,3.9,12.5,54.5,45.5,53.8,46.2,53.7,46.3,53.9,46.1,53.9,46.1,54.4,45.6,54.83,45.17,99.3,0.1,0,0.6,99.5,0.2,0,0.3,99.4,0.4,0,0.1,98.8,0.7,0,0.5,98.6,1.1,0,0.3,98.38,1.28,0.01,0.33,96.9,2.6,0,0.4
Italy,91589,88091,95417,111915,126931,128572,31186,30.2,16.4,23.6,29.8,29.3,16.6,23.1,31,29.1,15.9,23.1,31.9,28.6,15.2,22.6,33.7,32.54,14.71,21.82,30.93,33.1,15.7,20.6,30.6,90.8,0.4,2.2,6.6,3.5,5,16.4,23.4,24.8,17.2,9.7,4.4,5.5,16.7,23.5,24.7,16.4,8.8,4.7,5.7,17.2,22.1,24.6,16.6,9,5.6,6.1,17,20.7,24.4,16.5,9.7,5.6,5.8,16.9,19.6,24.5,17.1,10.5,5.2,5.7,16.7,18.9,24.6,18.2,10.8,5.2,5,14.6,16.7,24,20.7,13.7,19.7,2.8,9.3,48.7,6.5,1.5,11.5,0,18.2,3.2,9.3,47.3,7.1,1.5,13.4,0,46.8,17.6,8.3,0.1,6.4,2.9,1.8,3.1,49,16.8,6.9,0.1,5.9,2.4,1.6,2,52.7,15.4,6.1,0,5.6,2.2,1.3,2.6,59.5,13.5,3,0.2,4.6,2.1,1.7,5.6,69.6,8,1.4,0.1,4.1,0.6,0.6,4.3,63.3,36.7,64.8,35.2,64.3,35.7,62.2,37.8,60.9,39.1,60.6,39.4,58.57,41.43,99.2,0.1,0,0.7,99.2,0.3,0,0.5,98.6,1.1,0,0.3,95.5,4,0,0.5,96.8,2.7,0,0.5,95.98,3.56,0.01,0.46,93.4,6,0,0.6
Netherlands,67747,66181,71840,76652,81615,80313,26258,29.2,18.7,22.8,29.3,29,18.5,22.8,29.7,28.6,18.5,22.6,30.2,29.1,17.7,22.1,31,29.5,18.22,22.14,30.14,30.3,17.7,21.4,30.6,77.7,3,8.7,10.7,4.6,6.6,15.2,21.1,27.1,17.4,8,5,7.1,15.9,21.4,26.8,17,6.8,4.9,7.1,15.7,20.5,27.1,17.2,7.5,,,,,,,,4.5,7.1,16.4,18.6,26.4,18.5,8.5,4.5,6.5,16.3,18.4,26.9,19.2,8.3,3.1,4.5,16.3,18.9,28.3,19.9,9.1,25.1,1.9,5.7,49.7,9.5,2.2,5.9,0,23.7,2.1,5.8,49.2,10.2,2.4,6.6,0,49.2,23.8,5.9,0,9.4,2,2.4,1.7,48.8,25.1,5.3,0,9.3,1.7,2.3,0.8,46.7,26.6,4.7,0,11.5,1.7,2.2,1.5,32.1,30.3,7,0.2,19.7,2.8,3.4,1.4,37.1,27.1,7.1,0.2,19.5,2.2,3.6,1.4,61.4,38.6,61.9,38.1,60.9,39.1,60.7,39.3,59.9,40.1,60.2,39.8,55.29,44.71,99,0.2,0,0.8,99,0.5,0,0.5,98.9,0.7,0,0.3,99.1,0.7,0,0.2,98.5,0.8,0,0.7,98.36,0.99,0.01,0.65,98.2,1.2,0,0.6
Norway,19690,19757,20148,20882,22631,21898,6224,34.7,18.4,17.5,29.4,36.9,15.6,18.5,29,36.1,15.5,17.5,30.9,35.1,17.7,18.1,29.1,37.01,14.98,18.45,29.55,34.8,17,19.1,29.1,95.3,0.3,1.1,3.3,7.1,12.5,14.4,17,21.4,17.6,10,7.8,12.7,14.6,17.4,22.6,16.4,8.5,7.9,12.9,14.9,17.2,21.2,16.7,9.3,,,,,,,,9,11.6,15.6,17.2,20.7,16.2,9.7,8.5,10.2,14.2,17,20.3,17.4,12.4,6.8,11.8,15.1,14.8,20.7,18.1,12.6,17.5,1.1,6.8,58,5.2,1.6,9.8,0,18.5,2.1,7.5,55.1,5.7,2.3,8.8,0,56.4,17.3,6.6,0,5.3,1.9,1.9,1.9,56.4,17.9,6.9,0,5.1,1.5,1.9,2.3,59.5,16,5.7,0,4.7,1.7,1.3,2.1,44.7,26.7,7.4,0.3,8.7,3,2.6,2.2,48,25.5,5.5,0.2,11,3.2,2.3,2.2,55.2,44.8,56,44,54.7,45.3,54.3,45.7,53.4,46.6,53.6,46.4,50.96,49.04,98.7,0.7,0,0.6,98.5,1.1,0,0.4,98.1,1.4,0,0.5,98.5,1.2,0,0.3,98.2,1.2,0,0.6,98.06,1.59,0.01,0.33,97.8,1.4,0,0.8
Portugal,36156,44616,54439,66378,74492,74743,31005,25.5,19.9,20.5,34.1,26.9,19.4,21.9,31.8,27.9,18,24,30.2,26.1,20.5,23,30.3,28.95,19.58,22.21,29.26,27.7,20.3,22,29.9,62.5,1,10.9,25.7,6.8,8.1,21.7,24.1,18.3,13.4,7.6,7.1,10.1,23.2,23.9,17.4,12.3,6,7.8,10.6,22.7,23.8,17,12,6.1,,,,,,,,8,10.7,22.7,23.2,17.8,11.5,6.1,7.5,10,22.2,23.1,18.9,11.6,6.7,4.8,9.5,24.9,22.9,19.8,11.6,6.5,47,0.6,2.2,21.8,2,0.7,25.7,0,48.6,0.5,2,18.3,2.3,0.7,27.6,0,16.1,47.6,1.9,0,2.2,0.7,0.6,0.7,14.7,46.5,1.6,0,1.8,0.5,0.6,3.3,14.8,44.5,1.6,0,2.2,0.6,0.6,0.9,54.4,26.8,3.2,0,7.9,1.4,2.3,0.9,82.5,10,1.1,0,3.3,0.4,0.8,0.5,65.8,34.2,65.9,34.1,65.2,34.8,65.3,34.7,64.2,35.8,63.9,36.1,66.37,33.63,99.7,0.1,0,0.2,99.7,0.1,0,0.2,99.7,0.2,0,0.1,99.6,0.2,0,0.2,99.4,0.5,0,0.1,99.48,0.37,0,0.15,99,0.9,0,0.1
Spain,66463,65694,76342,81442,84356,83322,16335,21.3,17.6,35.1,26,24.1,17.7,31.3,26.9,23.6,15.1,34,27.4,22.9,17.2,32.7,27.2,25.31,15.3,33.44,25.95,24.2,17,31.2,27.6,91.2,0.5,1.9,6.4,3,6.3,23.8,26.5,19.8,14.2,6.4,3.2,7.2,23.5,25.9,20.4,14,5.8,3.2,7.4,23.4,24.3,19.6,14.7,7.4,3.3,7.7,23.5,23.4,19.8,14.9,7.4,3.4,7.8,23.6,22.6,20,15.1,7.5,3.5,7.3,22.7,21.7,20.5,15.7,8.4,4.5,5.9,21.6,23,21.2,15,8.8,20.7,2.5,5.4,55.7,5.8,1.4,8.5,0,20.5,2.5,5.5,55.4,6.6,1.5,8,0,57.9,19.1,5.8,0,5.8,2.1,1.3,2.3,60.6,16.4,5.5,0,5.9,2,1.4,7.5,61.1,15.9,5.3,0,5.8,2,1.3,2.5,49.9,26.3,3.6,0.1,7.2,2.3,2.4,2.1,68.5,16.6,2,0.1,5.6,0.9,1.3,1.8,54.1,45.9,54.8,45.2,53,47,52.7,47.3,52.2,47.8,52.2,47.8,54.76,45.24,98.7,0.1,0,1.2,98.8,0.3,0,0.9,99,0.6,0,0.4,98.7,0.6,0,0.7,98.5,0.8,0,0.7,98,1.16,0.01,0.83,98.1,1,0,0.9
Sweden,44948,42626,43689,45851,46743,42318,11992,37.5,14,12.4,36.1,35.6,14.5,12.8,37.1,36.3,14.4,13.1,36.2,35.3,14.8,12.8,37.1,37.79,14.47,13.39,34.34,36.4,15.9,13,34.7,93.1,0.2,1.4,5.3,6.4,9.3,15.8,18.7,23.2,16.9,9.7,6.3,9.6,14.7,19.3,23.6,16.7,9.8,6.6,8,15.4,19.2,23.6,16.4,10.8,6.7,8.1,14.8,18.9,23.8,16.8,11,7.1,6.9,14.8,18.9,23,16.7,12.6,7.2,6.5,14.9,19.5,23.3,17,11.5,6.6,6.3,15.2,17.6,20.4,19.2,14.8,23.3,2.1,5.4,37.8,10.4,1.7,19.3,0,22.2,2.2,5.5,39.1,11.4,2,17.6,0,39.4,22.1,5.7,0.1,11.1,2.1,2.2,3.4,43.4,18.6,5,0.1,11.4,2,2.1,5.7,47.6,15.9,4.6,0,10.1,2.1,1.8,3.2,55.1,14.1,8.2,0.2,12.6,2.5,3,1.4,51,14.4,7.5,0.4,18,2.3,2.9,1.4,54.9,45.1,55.6,44.4,55.8,44.2,55.5,44.5,55.1,44.9,55.8,44.2,52.48,47.52,99.2,0.1,0,0.7,99.1,0.3,0,0.6,98.8,0.8,0,0.4,99.3,0.4,0,0.3,98.7,0.8,0,0.5,98.54,1.01,0.02,0.43,97.8,1.5,0,0.7
Switzerland,45773,46151,48123,49607,49322,46826,12675,30.6,17.4,19.9,32.1,31,16.8,20.3,31.9,31.7,15.5,19.7,33.1,30.2,17.6,19.8,32.4,33.06,16.25,19.17,31.51,30.9,18.1,19.7,31.4,92.6,1,1.9,4.4,3.8,7.1,15.4,17.2,25.3,20.1,11.1,4.2,7.3,15.2,16.3,25.5,19.8,11.7,4.1,7.4,15.1,15.3,24,20.7,13.3,4.4,8.3,15.3,15.2,23.5,20.8,12.5,4.3,8.5,15.2,14.5,22.9,21.3,13.3,4.2,7.8,15.4,14.6,23,21.9,13.2,3.6,7.3,14.7,13.8,21.8,23.3,15.4,26.9,1.9,7.9,40.7,6.5,1.4,14.7,0,26.4,2.1,7.1,40.7,6.6,1.4,15.7,0,39.6,25,7.2,0,6.5,1.8,1.5,6.9,40.1,24.5,7.6,0,6.4,1.7,1.4,3.2,40,24.1,7.8,0,6.6,1.9,1.5,8.1,36,35.4,4.7,0.2,9.6,2.7,4,3.2,41.4,28.4,4.3,0.2,12.4,2.8,4.7,4.2,54.5,45.5,54.3,45.7,54.1,45.9,53.8,46.2,52.8,47.2,53.7,46.3,51.78,48.22,99.2,0.1,0,0.7,98.2,1.3,0,0.5,96.8,2.9,0,0.3,97.6,1.9,0,0.5,97,2.4,0,0.6,96.81,2.45,0,0.74,97.9,1.2,0,0.9
U.K.,838860,867601,941883,986296,1029757,1000292,291874,32.3,16.8,20.1,30.8,32.8,15.2,20.6,31.4,32.5,14.2,21.5,31.9,31.7,16.1,20.7,31.5,34.54,14.9,19.96,30.61,34,16.6,19.6,29.8,88.6,0.4,2.5,8.5,10.7,6,12.7,19.6,20.7,17.6,12.7,11.4,6.2,12.7,19.8,20.4,17.2,12.3,11.7,6.3,12.5,19.6,20.1,17.1,12.7,11.7,6.1,12.1,19.4,20,17.3,13.5,11.6,5.9,11.1,19.1,20.1,17.6,14.6,11.5,5.8,10.7,18.7,20.2,18,15.2,7.3,4.2,11,16.2,19.2,21,21.1,29.6,2,5.4,29.8,5.6,2.5,25.1,0,28.4,2.1,5.4,30.4,5.8,2.8,25.1,0,30.7,27.1,5.7,0,5.7,2,3,5.1,29.8,26.3,5.6,0,5.7,2,3.2,4.2,29.3,27.1,5.6,0,5.9,1.8,3.2,5.8,31.3,25.5,7.6,0.6,10.5,3.3,5.8,4,33.8,20.6,5.9,0.6,8.8,2.4,7.1,6.8,56,44,56,44,55.6,44.4,55.3,44.7,55,45,55,45,54.41,45.59,99.5,0.2,0,0.3,99.4,0.4,0,0.2,99.1,0.8,0,0.1,99.1,0.7,0,0.2,98.4,1.4,0,0.2,97.87,1.82,0,0.3,97.7,2,0,0.2
Czech Rep.,9878,11441,12932,11852,13413,13290,3607,28.4,18.1,22.9,30.6,28.9,20.4,21,29.7,31.7,22,18.8,27.6,,18.8,20.2,28.9,32.68,17.57,20.2,29.55,35,18.4,18.9,27.7,94,0.1,1.1,4.8,2.9,5.3,27.4,29.4,19.1,11.5,4.4,2.3,6.5,30.3,29.3,18,10.4,3.5,2.3,6.2,30.3,28.7,18.2,10.6,3.6,2.8,6.3,28.8,29,18.8,10.2,4.2,2.9,5.8,28.5,28.4,18.8,10.7,4.9,3.1,5.8,27.6,26.9,19.4,11.8,5.3,4.7,4.7,24.8,27.3,21.5,12.4,4.7,22.8,3.5,6.6,48.3,6.3,1.4,11.1,0,22.6,3,7,47.4,6.2,1.6,12.2,0,44.3,18.5,7.5,0,5.9,3.4,4.8,2.5,45.4,21.3,7.5,0,7.2,3.1,2,0.8,50.8,18.6,7.1,0.1,7,2.5,1.5,3.3,30.4,30,5.1,1.1,7.6,1.1,10.1,3.7,47.8,19.4,4.5,0.6,10.6,2.8,4.7,7.2,63.8,36.2,64,36,63.2,36.8,59.9,40.1,59.5,40.5,58.4,41.6,56.47,43.53,97.3,0,0,2.7,98.7,0.1,0,1.2,99,0.4,0,0.6,97.9,0.4,0,1.6,97.6,0.3,0,2.1,97.49,0.74,0,1.76,98.6,0.6,0.1,0.8
Hungary,6867,7036,7961,9241,9201,9788,2964,,,,,,,,,36.4,16,18.1,29.6,35.7,15.5,16.9,31.9,36.81,17.31,15.93,29.94,35.5,18,15.9,30.5,95.7,0,1.2,3,0,0,0,0,0,0,0,0,0,0,0,0,0,0,2.4,6.4,27.5,30.6,16.3,10.6,6.1,,,,,,,,2.8,4.9,27.4,28,18.4,11.4,7.1,3.3,5.5,26.1,27.9,19.4,11.5,6.3,2.9,4.4,21.8,24.3,21.9,14.8,10,,,,,,,,0,,,,,,,,0,44.8,20.2,8.9,0,9.6,2,2.6,3.2,45.4,20.6,7.3,0,9.2,2.3,1.7,3.2,48.6,18.4,6.6,0,10.4,2.2,2.1,3.1,41.6,28.6,4.5,0.3,11.3,2,4.3,2.1,56.3,18.5,4.9,0.9,10,1.1,2.4,5,39.7,60.3,,,52.9,47.1,50.4,49.6,51,49,51.1,48.9,48.08,51.92,0,0,0,0,0,0,0,0,98.8,0.8,0,0.4,98.4,0.8,0,0.8,98.6,0.7,0,0.7,97.68,1.35,0.02,0.95,95.3,3.7,0,1
Kazakhstan,16736,14506,12979,15421,13314,15709,5918,49.7,10,9.7,30.6,51.5,10.4,9.9,28.2,42.1,9.6,10.3,38,50.4,7.9,8.8,32.9,46.34,9.81,10.61,33.24,46.5,7.7,10.5,35.3,97.3,0.2,0.8,1.6,9.3,10.7,29.4,20.5,16.9,10.4,2.8,9.9,10.6,29.7,20.5,16.2,10.3,2.8,10.1,10,29.4,20,16,10.8,3.7,,,,,,,,9.6,8.9,29,21.5,15,12,4,8.9,9,29.6,21,14.9,12.5,4.1,10.1,7.6,26.4,22.6,16,13.1,4.2,1.2,0.2,1.3,49.6,0.7,0.2,46.8,0,28.7,2.9,6.2,39.8,7.7,1.8,12.9,0,49.1,2,1.2,0,1,0.2,0.3,1.4,51.7,1.5,0.8,0,1.1,0.2,0.2,0.8,55,1.7,0.7,0,1.1,0.4,0.3,0.8,42.3,32.4,5.3,0.2,8.7,2.7,2.2,1.4,93.9,1.4,0.5,0.3,0.4,0.2,0.4,1.9,51.7,48.3,39.5,60.5,38.1,61.9,39.2,60.8,39.8,60.2,38.5,61.5,40.99,59.01,99.7,0,0,0.3,99.8,0.1,0,0.1,99.9,0,0,0.1,99.7,0.2,0,0.1,99.7,0.1,0,0.2,99.3,0.52,0,0.18,98.5,1.2,0,0.3
Poland,25205,26499,25706,28674,31555,33687,12161,36.4,13.4,17,33.2,40.5,15.9,16.2,27.4,35.8,15.3,17.4,31.4,34.9,16.4,17.4,31.3,36.97,16.58,17.87,28.57,33.4,15.3,17.6,33.8,95.1,0.6,1.6,2.8,2.5,5.4,32,25.6,15.8,13.9,4.8,3.2,6.2,31.9,25.5,15.5,13.1,4.6,3,6.5,31.1,26.5,16.3,12.2,4.5,,6.3,30.1,27.7,16.3,11.3,5,3.5,5.6,28,28.1,17.2,12.3,5.3,3.7,6.5,27.4,28.3,17.8,11.3,5.1,4,6,22.5,24.6,20,15.1,7.8,26.2,2.7,5.4,43.5,6.5,1.5,14.2,0,4.1,0.8,1.5,27,1.8,0.6,64.2,0,44.3,24,6.4,0,8.1,2.6,2.3,3,46.4,21.8,6.1,0,7.5,2.2,2,4.1,51.4,18.4,5.9,0.1,8.2,2.1,1.6,3,83.8,5.7,1.9,0.5,0.8,0.3,0.9,2.1,60.7,18.7,4.7,0.2,9.7,0.8,1.6,1,42.8,57.2,52,48,50.5,49.5,50.2,49.8,50.2,49.8,49.6,50.4,47.5,52.5,97.3,0.8,0,1.9,97.3,1.1,0,1.6,98,1.6,0,0.4,97.8,1.3,0,0.9,97.5,1.4,0,1.1,96.83,2.15,0,1.02,95.6,4.1,0,0.4
Russian Fed,269832,172419,227749,278904,262309,251319,102166,49.2,9.8,5.1,35.9,39.1,10,7.2,43.7,36.4,11,6.1,46.6,43.4,10.6,5.5,40.6,50.05,9.26,5.56,35.14,45.7,8.3,5.9,40.1,97.7,0.2,0.6,1.6,5.4,8.8,35.6,21.2,17,9.7,2.3,5.4,7.9,34.5,21.6,18,10.1,2.5,5.8,7.3,33.7,22.1,18,10.5,2.6,6.3,7,33.2,22.4,17.7,10.8,2.7,6.3,6.6,31.7,23.2,17.9,11.4,2.9,6.4,6.1,29.5,24.4,18.2,12.1,3.3,6.6,6,27.6,24.7,18.9,12.7,3.5,2.8,0.5,1.6,18,1.3,0.4,75.4,0,13.9,1.4,3.2,31.2,2.8,1.1,46.4,0,22.8,3.1,1.1,0,1.3,0.5,0.4,0.9,22.2,2.3,0.9,0,1.1,0.4,0.3,10.9,25,2.6,1.1,0,1.3,0.5,0.4,0.8,44.6,26.6,7.1,0.4,11.8,1.3,3.1,1.8,79.9,7.6,2.6,0.2,1.6,1.3,1.1,1.3,49.9,50.1,44.3,55.7,43.6,56.4,43,57,43.6,56.4,43.2,56.8,43.19,56.81,99.3,0.4,0,0.3,99.1,0.6,0,0.3,99.2,0.7,0,0.1,99.1,0.6,0,0.2,99.1,0.6,0,0.3,98.81,0.92,0,0.26,97.8,1.9,0,0.3
Ukraine,29281,23098,26753,25988,26260,29468,10619,45,12.1,11,31.9,38.1,16.7,12.9,32.3,37.9,13.5,12.5,36.1,42.2,14.5,14.3,29.1,36.69,16.53,16.02,30.76,36.5,17.3,16.4,29.8,88.7,2.2,3.6,5.6,3,9.4,36.5,23.7,16.7,8.7,2,3.9,10.6,35.9,22.9,17.1,7.9,1.7,3.9,10.5,34.7,23.5,17,8.4,2.1,3.8,10.4,35.8,23.4,16.2,8.3,2.1,3.5,10.9,35.7,22.6,15.8,9.3,2.2,3.3,10.3,37.3,21.7,15.6,9.7,2.1,3.5,8.2,31.4,23.1,19.2,11.2,3.2,10.3,1.1,3.7,25,2.6,0.8,56.5,0,2,0.2,1.4,50.1,1.1,0.2,45,0,27.6,12.8,3.1,0,3.2,1.1,1.5,2.6,29.7,13.6,4,0,3.2,1.3,2.1,1,39.8,14.9,5,0,4,2.4,1.5,4.3,70,13.6,3.5,0.4,3.5,2,1.9,1.8,71.6,5.9,4.7,0.9,1,0.3,1.6,1.4,70.5,29.5,51.8,48.2,49.9,50.1,47.1,52.9,45.3,54.7,44.2,55.8,47.12,52.88,93.4,0.6,0,0.6,91.2,8.4,0,0.4,91.8,8.1,0,0.1,93,6.6,0,0.4,93.2,6.4,0,0.4,93.04,6.53,0,0.43,87.3,12,0,0.6
Egypt,16715,19168,20864,20528,20486,21538,4886,25.3,21.4,26.2,27.1,24.4,22.2,25.2,28.2,26.1,21.6,26.4,25.8,25.4,21.2,27.2,26.2,28.38,20.92,24.72,25.98,26,20.6,26.9,26.5,88.6,1.8,3.9,5.7,2.5,8.6,37,26.7,16.3,7.2,1.7,2.1,10.6,39.1,25.3,15,6.3,1.6,2.5,10.3,39.7,26.1,13.9,6,1.5,2.2,7.4,42.6,26.4,14.2,5.5,1.6,2.1,4.8,40.9,28.5,15.5,6.5,1.7,1.8,4.8,42.4,28.4,15.3,6,1.3,2.2,3.8,36.3,31.5,18.1,7.1,1.1,38,2.6,6.7,22.2,5,6.1,19.4,0,34.9,3,7.9,20.7,5.5,5.3,22.7,0,22,32.5,7.4,0,6.1,2.7,6.2,10.4,21.1,31.1,8.3,0,6.6,2.6,5.6,0.4,20.9,32.3,8.7,0,7.1,2.5,6.2,8.9,65.1,10.2,4.5,1.3,2.1,0.2,3.9,4.2,22.6,55.1,6.2,0.4,5.1,1.6,3.2,1.8,55.9,44.1,66.9,33.1,67.3,32.7,68.8,31.2,67.7,32.3,68.8,31.2,69.34,30.66,99.1,0.8,0,0.1,99.4,0.6,0,0,99,1,0,0,99.1,0.9,0,0.1,99,0.9,0,0.1,99.39,0.57,0,0.04,98.2,1.7,0,0.1
Kenya,46158,46139,44783,46011,48845,48639,12779,25.4,19.7,20.7,34.2,25.3,20.4,20.6,33.7,26.3,19.7,21.5,32.5,24.5,20.5,22,33,25.76,20.27,22.8,31.17,25.6,19,21.6,33.8,83.2,0.7,2.5,13.6,7.4,10.2,22.4,20.2,18.5,13.6,7.7,7.7,9.5,22.4,20.8,18.5,13.4,7.7,6.5,9,21.9,21.1,19.1,14,8.4,6.8,8.4,21.8,21.8,18.9,14.1,8.3,6.6,8.6,21.7,21.8,18.1,14.6,8.6,6.2,8.5,21.8,21.1,18.6,14.7,9,4,6.6,22.5,22.2,19.1,15.9,9.7,58.2,0.6,2.4,15,2.1,1.6,20.1,0,55.3,0.7,2.7,13.3,2.5,2.8,22.7,0,14.6,52.4,2.8,0,2.9,0.7,3.4,0.9,14.2,56.1,2.4,0,2.8,0.6,3,0.7,13.3,60.4,2.4,0,2.6,0.5,3,1,16.2,52.2,8.2,0.7,8.4,3.2,4.2,2.8,13.4,56.1,3,0.3,2.7,0.6,3.3,2,45.3,54.7,55.7,44.3,56.1,43.9,55.5,44.5,55,45,53.8,46.2,54.07,45.93,99.8,0.1,0,0.1,99.9,0,0,0.1,99.9,0.1,0,0.1,99.8,0.1,0,0.1,99.9,0,0,0.1,99.81,0.06,0,0.13,99.8,0.1,0,0.1
Mauritius,27945,32533,34280,37706,42096,46814,11410,26.5,23.4,22,28.1,31.2,22.9,19.6,26.3,28.9,20.7,19.7,30.6,27.6,19.7,20.5,32.3,29.66,20.45,20.51,29.38,29.9,19.5,20.1,30.5,95.8,0.3,1.7,2.2,5.6,7.9,15.8,23.2,23.2,16.8,7.5,6.1,8.6,15.8,22.3,22.2,17.3,7.7,5.9,8.4,15.8,22.3,22.7,16.2,8.7,6.2,8,15.9,22,22.3,17.1,8.5,5.9,9,16.6,21.3,20.6,17.2,9.4,6.1,8.7,17,20.8,20.3,17.3,9.7,4.3,9,17.9,20,20.7,18.3,9.7,46.9,0.7,8.2,33.2,8.5,0.5,2,0,48.9,0.5,0.8,31.8,8.9,0.3,1.6,0,31.2,47.3,9.3,0,9.1,0.6,0.4,0.3,29.3,44.8,14.7,0,8.3,0.4,0.3,3.9,29.5,47.7,14.3,0,6.3,0.4,0.2,0.3,12.2,60.5,3.3,0.4,3.7,0.9,3.1,1.9,31.7,52.3,8.5,0,6,0.4,0.5,0.2,60.5,39.5,44.5,55.5,44.9,55.1,44.8,55.2,44.2,55.8,44.3,55.7,44.43,55.57,99.5,0.1,0,0.4,99.6,0,0,0.4,99.5,0.1,0,0.4,99.4,0.3,0,0.3,99.7,0.1,0,0.2,99.47,0.27,0,0.26,99.3,0.3,0,0.3
Nigeria,28314,24292,17964,12651,12067,14033,3819,27.4,22.5,27.3,22.8,25.6,22.2,27.7,24.5,28,23.8,26.5,21.7,27.4,23.3,24.6,24.7,26.71,22.06,27.09,24.14,22.2,21.7,29.9,26.1,79.1,0.1,1.7,19.1,4.4,9.6,25.3,26.8,20.3,9.9,3.7,4.8,11.8,25,25.8,19.3,10,3.3,4.5,12.2,23.3,25.1,20.5,10.9,3.5,4.3,11.8,22.4,24.8,21.1,12,33.6,5.3,10,21.7,25.2,20.7,13.1,4,4.9,10.2,21.6,24.9,20.4,13.4,4.5,4.7,10.6,23.4,25.6,19.7,12.3,3.8,34.2,0.3,7.8,43,9.5,2.7,2.5,0,30.9,0.5,6.2,46.5,10.1,2.8,3,0,51,29.5,4.9,0,8.6,0.5,2.6,0.8,51.6,28.6,4.9,0,7.6,0.9,3,3,55.4,25.9,4.6,0,7.5,0.6,2.4,0.9,26.2,52.5,12,0,7.9,0.7,0.3,0.2,44.5,38.6,3.2,0.2,5.7,1.7,2.1,1.8,52.6,47.4,60.9,39.1,61.2,38.8,62.1,37.9,61.6,38.4,62.5,37.5,62.01,37.99,99.9,0,0,0.1,100,0,0,0,100,0,0,0,99.8,0.1,0,0.1,99.7,0.2,0,0.1,99.71,0.14,0,0.15,99.4,0.1,0,0.4
South Africa,56246,51922,52636,57060,58613,57274,12561,27.3,18,17.4,37.3,29.9,17.2,16.9,36,27.2,15.6,18,39.2,26.8,18.5,17.6,37,29.27,18.2,16.88,35.65,32.1,15.7,16.8,35.4,92,0.9,1.8,5.2,6.9,7.9,15.9,22.4,21.5,16.8,8.6,7.6,8.8,15.9,20.5,21.5,16.8,8.9,7.7,9.2,16.2,20,21.2,16.8,8.8,7.8,8.6,15.7,19.2,21.5,17.3,10,7.3,7.8,16.1,19.3,21.3,17.5,10.7,6.7,7.7,16.6,18.9,21.5,17.6,11,4,5.8,16.5,18.4,21.6,20,13.6,61.1,1.6,4.7,20.2,4.5,1.8,6.1,0,50.1,1.8,5.6,23.6,6.8,2.6,9.5,0,24.7,49.1,5.6,0.1,6.5,2.1,2.1,3.2,24.3,49.2,5.6,0,6.5,1.9,2.4,0.7,27.8,44.8,6.2,0,8.1,1.8,2,4.1,32.3,44.4,5.5,0.3,4.4,2.7,3.6,2.6,16.6,58.9,3.8,0.2,5.1,1.7,5,4.3,82.2,17.8,53.7,46.3,54.1,45.9,52.2,47.8,52.2,47.8,51.9,48.1,54,46,99.1,0.1,0,0.8,98.9,0.3,0,0.8,98.9,0.7,0,0.4,98.9,0.9,0,0.2,98.9,0.9,0,0.2,98.18,1.63,0,0.19,96.5,3.3,0,0.2
Sudan,11896,13704,17093,22762,34712,34003,9114,21.9,24.5,27.8,25.8,22.7,23.6,27.4,26.3,21.6,23.9,27.6,26.9,21,21.6,27.8,29.6,22.37,25.12,26.23,26.28,25.9,18.7,25.1,30.3,87.1,0,0.4,12.5,5.6,25.8,26.4,17.8,11.3,10.9,2.2,5.3,25.5,27,17.7,11.5,10.9,2.1,5.3,21.8,26.3,19.1,14.4,10.5,2.7,5.7,16.4,23.3,21.8,16.3,12.4,4.1,4.8,11,22.8,24.6,19.6,13.1,4.1,4.1,10.9,24.1,26,19,12.2,3.7,3.7,9.6,25.9,27.6,18.4,11,3.9,34.3,0.5,13.5,12.1,15.4,16.6,7.6,0,33,0.4,14.2,13.8,13.8,18.2,6.6,0,13.8,34.4,15.2,0,11.5,0.3,18.8,2.2,15.3,36.9,12.9,0,11.7,0.2,17,13.8,13.3,55.2,8.1,0,8,0.2,12,1.3,14.1,66,3.4,0.1,4.3,1.5,3.5,3.3,42.7,27.7,5.9,1.1,3.3,1.4,6,2.8,53.5,46.5,82.5,17.5,76.8,23.2,69.7,30.3,52.8,47.2,58.2,41.8,57.79,42.21,99.8,0.2,0,0,99.9,0,0,0.1,100,0,0,0,100,0,0,0,99.9,0.1,0,0,99.94,0.04,0,0.01,99.9,0,0,0
Tanzania,26284,25488,23026,22261,23443,23774,6501,26,21.3,21.2,31.5,28.6,22.9,21.2,27.3,26.1,20.8,23.1,30,,,,,26.71,19.22,26.39,27.68,25.3,17.6,24.1,33,83.1,0.1,2.1,14.7,7.5,12.6,16.3,20.9,19.9,14.6,8.2,7.1,12.7,17.1,20.4,19.6,14.6,8.5,7.6,12.7,17.7,19.9,19.4,14.3,8.5,7,12.1,17.5,20.8,19.6,14,9,6.7,11.7,18.2,20.7,19.8,13.7,9.2,6,12.5,19.6,21.2,18.9,13.2,8.6,4,12.5,21.6,20,18.5,14,9.5,49.8,0.3,7.1,14.1,10.1,5.2,13.4,0,48.5,0.3,7.5,15.6,10.3,5.6,12.2,0,14.5,49.4,5.8,0,8.9,0.3,5.4,0.6,17,49.5,6.6,0.1,7.4,0.4,5,0.3,16,54.3,6.3,0,6.1,0.3,3.7,0.6,27.3,37.5,6.8,1.4,2,1.7,9,3.9,8.7,76.9,2.2,0.2,2.2,0.5,3.9,1.8,,,53.3,46.7,52.3,47.7,53.6,46.4,53.2,46.8,52.9,47.1,52.01,47.99,99.6,0.2,0,0.2,99.7,0.1,0,0.2,99.8,0.2,0,0,99.7,0.1,0,0.2,99.8,0.1,0,0.1,99.76,0.15,0,0.09,99.5,0.5,0,0.1
Bahrain,13136,14013,17382,16764,13915,15128,3429,24,20.4,32.8,22.8,22.7,18,34.7,24.6,24.4,18.6,35.6,21.4,25.2,19.8,33.2,21.8,28.83,22.81,29.06,19.3,22.4,23.1,29.2,25.3,93.1,0.4,0.9,5.5,9.9,14.4,19.8,15.5,18.1,15.2,7.1,5.2,14.2,26.2,22.3,17.2,10.6,4.3,9.5,11.9,21.8,16.1,20.4,13.8,6.4,8.3,10.5,23.1,15.1,21.6,14.7,6.6,8.7,10.2,22.6,15.2,19.5,15.7,8.1,6.3,8.2,26.2,15.8,21.2,14.5,7.8,4.6,9.7,25.7,18,21.3,14.1,6.5,33.4,0.7,8.8,11.2,6,12.4,27.5,0,31.3,0.3,8.6,8.6,7.7,16.6,26.9,0,8.1,29.5,10.8,0,6.5,0.3,17.7,14.4,7.2,27.4,11.8,0,6.7,0.4,20.3,0.7,8.7,26.9,12.7,0,6.7,0.5,17.8,12.7,13.2,59.1,4.7,0.5,3.3,1.1,6.5,3.3,15.8,11.6,6.9,15.2,3,0.9,7.5,19.2,65.5,34.5,65.9,34.1,67.1,32.9,67.6,32.4,66.5,33.5,71,29,72.56,27.44,97.9,0,0,2.1,99.6,0,0,0.4,99.5,0.3,0,0.2,99.5,0.1,0,0.4,99.8,0,0,0.2,99.67,0.07,0.01,0.26,99.6,0.2,0,0.3
Iraq,48321,42660,48227,56230,68462,61907,17823,23.2,24.8,27,25,26.3,24.6,25.1,24,22.2,23.1,31.2,23.5,22.6,22.3,29.4,25.7,23.96,22.08,29.53,24.42,24.8,22.2,30.9,22.1,59.9,0,3.9,36.3,8.3,10.1,20.1,21.4,19.7,14.3,6.1,9.4,15,205,14.9,18.3,15.2,6.7,6.6,9.9,20.6,20.7,20.5,14.7,7.1,6.3,9.3,20.6,20.9,20.3,15.4,7.1,6.1,8.2,21,20.6,20.5,15.8,7.8,5.7,7.7,21.7,20.1,20.8,15.9,8.1,5.8,8.1,21.9,20.6,20,15.6,8,13.1,0.1,3.2,68.4,7.5,6.6,1.1,0,13.3,0.1,2.6,69.4,8.1,5.3,1.2,0,73.1,11.7,2.2,0,8.1,0.1,3.5,0.3,73.5,10.3,1.9,0,8.5,0.2,2.5,,79.6,9.2,1.4,0,6.5,0.1,1.8,0.2,11.9,64,2.4,1.4,2.3,0.5,5.6,1.7,34.3,25.6,8.1,1.3,1.7,1.6,6.3,3.8,70.9,29.1,71,29,70.1,29.9,70.2,29.8,69.6,30.4,69,31,69.71,30.29,100,0,0,0,100,0,0,0,100,0,0,0,99.9,0.1,0,0,100,0,0,0,99.98,0.02,0,0,100,0,0,0
Israel,49321,50134,59231,58131,67366,73137,17444,27.7,18.7,27.1,26.5,28,17.7,29.7,24.6,24.7,18.2,30,27.1,28.5,18,28.3,25.2,28.12,17.28,30.64,23.96,25.1,17.6,26.4,30.9,96,0.1,1.9,2,3.2,16,22.9,17.6,15.4,16.2,8.7,6.7,11.1,20.3,21.1,19.7,14.6,6.5,3.4,19.8,23.4,17.2,15,13.9,7.4,3.4,18.6,20.3,16.9,16.5,15.1,9.2,4.4,18.6,19.4,16.4,17,14.1,10.1,4.9,17.7,17.7,15.6,17.9,14.9,11.3,3.8,15.5,13.7,14.6,17.8,17.2,17.3,57.8,0.6,1.4,29.7,2.7,0.2,7.6,0,59.9,1.1,1.6,28.9,3.6,0.3,5.5,0,34.1,52.1,2.4,0,3.3,1.2,0.4,0.5,38.1,49.4,1.6,0,3.9,0.9,0.4,,48.4,40.4,2,0,3,0.7,0.3,0.5,13.9,12,7,14.3,3.4,1.2,7,18.7,63.6,24,0.9,1,0.8,1.1,1.1,5.6,62.5,37.5,62.7,37.3,61.2,38.8,61.6,38.4,59.6,40.4,58.7,41.3,56.62,43.38,97.8,0,0,2.2,99,0.1,0,0.9,99.3,0,0,0.6,98.8,0.2,0,1,98.8,0.2,0,1,98.71,0.35,0,0.94,98.7,0.8,0,0.6
Oman,88512,103740,105705,107217,95160,74564,15430,25,26.5,26.1,22.4,26.8,22,30.1,21.1,26.3,18.8,34.2,20.7,27.5,16,36,20.6,30.59,17.95,32.75,18.7,32.6,18,28,21.4,89.4,0.6,1.8,8.2,10.2,9.9,26,21.1,15,11.1,6.7,3.5,18.3,21.9,18.1,15.6,15.2,7.4,11.5,10.7,25.6,21.3,14.1,10.5,6.2,12.1,10,25,21.7,14.2,10.7,6.3,12.4,9.5,23.4,22.4,14.5,11.1,6.7,10.3,8.2,22.7,23.8,15.5,12,7.5,10.7,7.3,22.6,25.7,15.3,11.1,7.3,36.7,0,15.6,4.6,0.3,11.5,31.3,0,32.8,0.1,12.7,4.7,5.6,10,34.1,0,5.1,29.9,10.1,0,6.4,0.1,10.9,23.6,4.9,25.7,8.5,0,6.1,0,8.7,1.8,4.8,29,8,0,6.3,0.1,8.8,29.3,17.7,33.5,5.5,1.1,3.1,1.7,7.2,2.9,9.9,16.8,9.1,11.2,2.1,0.5,6.6,12.9,63.4,36.6,62.6,37.4,62.8,37.2,62.4,37.6,61.6,38.4,62.3,37.7,62.51,37.49,100,0,0,0,100,0,0,0,100,0,0,0,100,0,0,0,100,0,0,0,99.9,0.09,0,0,100,0,0,0
Saudi Arabia,55487,63835,61605,52976,47546,48526,10423,23.9,23,33.5,19.6,24.8,21.8,34.6,18.8,24,17.3,39.3,19.4,25.5,18.5,35.5,20.6,24.88,21.38,31.88,21.85,22.4,23.3,30.3,24,97.4,0,1.1,1.5,9,10.1,23.6,23.2,20.3,9.6,4.2,10.7,10.5,25.9,21.2,14.5,10.7,6.5,11.2,11.3,21.5,21.9,19.3,10.7,4.1,8.9,11.7,24.8,20.8,18,11.1,4.7,8.1,10,26.4,22,17.4,11.1,5,7.2,8.2,27.2,23,17.4,12.1,4.9,8,8,28,22.8,17,11.9,4.3,24.1,0.2,3.8,13.8,10.1,6.3,41.7,0,22.4,0.2,3.4,11.6,15.5,5.3,41.6,0,11.7,22,3.2,0,12.1,0.2,5.5,32.3,12.2,21,4.2,0,13.7,0.3,7.6,,15.8,19.5,3.4,0,14.3,0.3,9.2,21.9,58.5,26.6,2.5,1.4,1.7,1.8,1,3.8,21,20.5,4.7,12.9,3.2,1.7,10.2,16.8,79.8,20.2,77.8,22.2,75.3,24.7,78,22,78.5,21.5,79.4,20.6,76.1,23.9,100,0,0,0,100,0,0,0,100,0,0,0,100,0,0,0,100,0,0,0,99.95,0.04,0,0.01,99.9,0,0,0
Turkey,24294,25670,29545,33251,33825,35113,10853,28.5,20.8,22.1,28.6,27.8,21.3,24.3,26.6,28.1,21.2,23,27.7,28.8,20.4,24.7,26.1,31.73,20.16,22.66,25.45,30.4,18.7,23.1,27.8,87,2.8,4.1,6.1,1.3,5.4,42.7,25.4,14.4,8.2,2.6,9.8,10.3,22.2,22.5,19.7,10.5,5,1.2,5.7,43.4,26.4,13.6,7.4,2.3,1,4.7,41.2,27.6,14.7,8,2,1.2,3.9,38.4,28.7,15,9.3,3.5,1.2,4.5,38.9,28.6,14.8,8.7,3.2,1.3,3.3,33.8,28.8,16.4,11.5,4.9,36.9,0.6,3.2,47.2,2.2,1.6,8.3,0,39.4,1.1,2.7,45.4,2.9,1.1,7.4,0,46.8,35.9,2.5,0,3.1,0.9,2,1.1,43.2,32.2,2.7,0,2.9,0.8,2.1,,42.9,31.6,2.3,0,3.5,0.8,3.1,1,19.4,25.5,8.4,2.3,6.4,1.2,4.6,23,53.5,37.6,1.7,0.1,3.2,0.9,1,14.2,55.7,44.3,60.5,39.5,59.5,40.5,60.3,39.7,59.5,40.5,61,39,62.63,37.37,97.6,1.8,0,0.6,96.9,2.6,0,0.5,97.9,1.9,0,0.2,98.1,1.6,0,0.2,97.3,2.4,0,0.3,96.11,3.6,0.01,0.28,92.5,7.4,0,0.1
U.A.E.,59332,55818,67165,67238,59971,55413,7387,18.7,21.1,38.1,22.1,16.8,15.1,43.5,24.6,19.9,15.5,45.9,18.7,20,14.9,44.7,20.3,21.67,15.56,41.74,21.03,21,15.5,40.2,23.2,92.7,0.5,1.7,5.1,16.7,13.6,19.1,15.8,14.7,13,7.1,1.3,7.4,41.2,26.3,14.5,7.4,1.9,16.1,12.5,19.1,16.7,14.9,13.3,7.5,,,,,,,,14,11.2,19.3,17.9,14.7,14.5,8.4,13.2,10.4,18.5,18.2,15.2,15,9.4,6.5,7.5,23.6,20.6,16.6,15.3,9.9,41.5,0.3,1.7,3.9,12.2,24.8,15.6,0,39,0.4,1.6,3.9,12.3,26.6,16.2,0,3.9,40.7,1.5,0,13.9,0.2,23.5,8.3,4.5,39.8,1.9,0,11.4,0.3,24.4,0,4.4,42.9,2,0,9.6,0.4,26.2,5.8,10.6,14.4,18.1,4.5,2.8,1,6.8,17.4,14.9,15.1,6.1,11.3,3.3,1.3,6.3,11.3,49.2,50.8,48.6,51.4,48.6,51.4,49.5,50.5,48.3,51.7,47.5,52.5,51.17,48.83,99.9,0.1,0,0,100,0,0,0,100,0,0,0,100,0,0,0,100,0,0,0,99.9,0.1,0,0,100,0,0,0
Yemen Arab Rep.,34207,20901,19383,21695,21674,26065,5882,24.1,22.3,23.7,29.9,48.7,12.8,19.6,18.9,21.1,20.3,33.7,24.9,24.9,21.7,29.1,24.2,23.83,21.81,27.42,26.94,25.4,20.4,26.7,27.5,92.7,0.3,1.1,5.9,7.7,19.4,21.9,19.2,16,10.3,5.5,16.5,12.6,18.8,16.2,15.1,13.4,7.4,7.6,26.5,22.1,17.9,12.5,8.7,4.7,,,,,,,,8.5,17.9,22.5,20.9,14.2,10.6,5.4,8,16.3,21.7,21.4,14.8,11.5,6.3,7.2,14.9,20.8,23.3,15.4,11.6,6.8,63.1,0.4,1.6,7.6,13.5,9.8,4,0,49.5,0.5,1.9,8.1,18.9,13.6,7.5,0,7.6,50.9,1.9,0,16.8,0.3,15.2,2.6,8.6,56.6,2.1,0,14.8,0.2,11.6,0,7.9,59.1,1.7,0,12.8,0.2,12.5,2.2,8.2,18.4,9.2,11,2.9,0.8,5.6,13.5,28.6,22.9,7.4,6.3,5.2,0.9,7.6,12.9,70.3,29.7,73.7,26.3,76.5,23.5,72.6,27.4,70.9,29.1,70.2,29.8,70.45,29.55,99.8,0,0,0.2,99.5,0.3,0,0.2,99.8,0,0,0.1,99.7,0.1,0,0.2,99.6,0.1,0,0.3,99.75,0.2,0,0.05,99.7,0.2,0,0.1
Afghanistan,115569,114406,123330,149176,153905,124120,47561,34.2,20,20.3,25.5,33.8,21.9,20.7,23.6,32.2,16.6,22.6,28.6,33.6,19.9,20.3,26.3,34.6,20.03,21.98,23.4,35.9,15.9,21.7,26.5,76.5,0,2.5,21,10.6,22.1,29,16.6,11.1,7.2,3.4,7.8,24.5,21.5,18.8,13.4,9.2,4.8,11.9,19.8,28.2,16.4,11.5,8.2,3.9,12.2,18.9,28.5,16.6,11.5,8.2,4.1,12.2,18.6,29.1,16.5,11.3,8,4.3,12,18.4,29.5,16.4,11.2,8,4.5,12.7,18.3,28.5,16.3,11.4,8.4,4.5,0.4,0.1,0,99,0.1,0.1,0.3,0,0,0.2,0.2,98.7,0.4,0.1,0.4,0,98.9,0.4,0,0,0.2,0.1,0.1,0,99,0.4,0,0,0.1,0.1,0.1,0,98.6,0.6,0.1,0.1,0.1,0.2,0,0,72.9,5.4,3,1.2,1,3.1,2.2,2.3,85.8,1.8,1.4,0.7,0.4,2,0.9,1,73.9,26.1,73.6,26.4,70.9,29.1,69.2,30.8,68.9,31.1,67.7,32.3,65.94,34,100,0,0,0,100,0,0,0,100,0,0,0,100,0,0,0,100,0,0,0,99.97,0.01,0,0.02,100,0,0,0
Bangladesh,942562,1133879,1380409,2156557,2256675,2577727,549273,40.2,15,22.4,22.4,38.5,14,22,25.6,24,24.1,26.4,25.5,23.1,25.5,24.6,26.9,25.13,23.49,24.55,26.83,24.2,23.1,25.4,27.3,93.1,0,0.2,6.6,5.9,10.2,29,20.7,16.9,12.2,5.1,11,21.4,28.6,16.8,11.4,7.5,3.3,6.5,8.6,21.8,26.4,20.9,11.5,4.3,7.1,9.5,21.7,25.6,20.2,11.3,4.6,7.3,10.2,21.2,25.4,19.6,11.3,5,7.1,10.5,21.3,25.6,19.3,11,5.1,6.5,10.9,21.3,25.8,19.3,11.1,5.1,34.8,0.6,1.4,38.3,13.5,2.5,8.9,0,32.5,0.8,1.2,34.4,16.1,2.3,12.7,0,1.2,0.6,0.6,54.7,0,11.9,0,0,1,0.4,0.4,54.3,0,12.4,0,1.2,0.8,0.3,0.4,45.9,0.1,15.4,0,0,4.9,1.7,0.5,0,0.1,22.3,0,0,8.7,2.4,0.8,0,0,17.4,0.1,0,53.3,46.7,53.1,46.9,71.9,28.1,70.5,29.5,69.7,30.3,69.5,30.4,69.58,30.4,99.5,0.4,0,0.1,99.7,0.2,0,0.1,14.4,0,12.1,73.5,14.4,0,12.7,72.9,17,0.1,14.6,68.3,15.79,0.04,3.27,80.89,15.8,0.1,2.9,81.2
Bhutan,16001,19084,20940,25267,26470,28178,7901,21.9,24.8,18.9,34.4,23.5,21.6,20.9,34,28.6,19.9,24.8,26.6,,,,,30.76,18.5,24.34,26.4,28.6,20.8,24.2,26.3,85.8,0.3,2.4,11.6,13.2,11.2,21.8,19.7,17.3,9.9,6.9,6.1,11.1,28.7,21,16.5,11.7,4.9,3.2,17,32,22.3,0,6.6,3.8,3.2,17.8,31,20.4,14.7,8.2,4.7,3.3,17.4,32.2,20.6,15,7.1,4.4,3,20.4,31.9,20.7,13.9,6.3,3.8,3.8,21.8,31.1,18.6,12.9,6.6,5.1,1.4,0,4.9,1.4,15.3,0,77,0,0.7,0.1,4.4,1.4,17.9,0,75.5,0,57.2,0.6,0.6,0,0.3,23.7,0.1,0.1,53.6,1,1,0,0.4,21.6,0,13.2,54.2,1.3,0.6,0,0.4,21,0.1,0.1,46.2,6.1,0,0,0,38.8,0,0,46.3,0.2,0,0.1,0.1,38.1,0,0,52.1,47.9,52.3,47.7,58.9,41.1,56.7,43.3,56.6,43.4,55.3,44.7,51.79,48.21,99.9,0,0,0.1,99.9,0.1,0,0,93.4,0,0,6.6,87.6,0,0,12.4,91.1,0,0,8.9,88.2,0.02,0,11.78,85.3,0,0,14.7
Iran,31222,30774,39184,42641,35596,33288,7090,24.6,20.7,29.4,25.3,22.2,21.6,26,30.2,42.2,12.6,20.3,25,34.3,20,21.3,24.4,42.46,14.53,23.23,19.78,37.6,15.1,19.5,27.9,93.2,0.3,1.8,4.7,3.8,17.1,28.3,23.4,16.5,7.7,3.2,13.3,11.6,22.2,19.4,17.1,9.7,6.7,3.6,10.4,27.1,21,0,12,0,6.7,9.2,26.4,22.4,16.9,12.6,5.8,5.7,9.1,27.7,23.5,16.5,11.9,5.6,5.4,8,26.4,27,16.4,11.7,5.1,3.8,7.3,26.1,27.2,17.8,12.3,5.5,8.8,4.3,0.9,74.7,0.6,0.2,10.5,0,9.4,4.5,0.9,74.7,3.7,0.3,6.5,0,43.8,25.4,1.6,0,13.3,0.5,2.2,0.9,44.3,21.6,1.3,0,10.8,0.6,2.4,0.3,44.8,33,1.7,0,10,0.5,2.6,0.9,37.8,43.2,1,0.1,3.1,0.8,2.7,0.6,52.8,39.2,0.6,0.2,1.5,0.4,1.9,0.6,68.1,31.9,68.1,31.9,51.6,48.4,50.2,49.8,52.9,47.1,55.3,44.7,55.23,44.77,93.9,0,0,6.1,96.2,0.1,0,3.7,99.8,0.1,0,0.1,99.7,0.2,0,0.1,99.5,0.5,0,0,99.4,0.31,0,0.29,97.9,0.1,0,1.9
Maldives,65052,68907,67457,66150,62337,78587,14536,24.4,23.9,21.4,30.3,25.3,22.9,22.9,28.9,25.8,19.9,23,31.3,50.7,11.5,18.3,19.5,26.86,18.1,20.69,34.35,24.2,20.6,23.8,31.4,81.4,0.4,3.7,14.5,16.5,13.9,15.6,15.5,16.2,12.4,9.9,4.3,18.5,28.5,22.8,15.6,7.2,3.1,13.1,11,22.3,19.4,17.4,6,6.5,12.8,10.4,22.3,19.6,17.4,10.9,6.6,13.6,10,22.4,19.6,17,11.1,6.3,13.8,9.2,22.6,19.8,17,11.2,6.3,9.9,9.5,23.5,21.4,17.7,11.7,6.4,8.6,0,0.5,5.8,0,0,85.1,0,5.8,0.1,0.3,3.8,0,0,90,0,2.1,0.8,5.1,0,17.5,0.1,0,11.1,2.5,0.8,4.5,0,16.7,0.1,0.1,0,2.6,1.2,4.4,0,15.7,0.1,0.2,17.3,12.3,22.2,5.5,0,20.3,0.3,0.6,25.4,15.1,28.3,4.3,0,17.6,1,0.7,17.2,56,44,70.4,29.6,52.4,47.6,52.1,47.9,51.9,48.1,51.8,48.2,53.8,46.14,15.1,0.1,0,84.8,10.2,0.1,0,89.7,99.9,0,0,0,100,0,0,0,99.9,0,0,0.1,99.93,0.05,0,0.02,99.5,0.4,0,0.1
Nepal,126416,154720,161097,164018,174096,164040,40822,22.1,23.9,26.1,27.9,21.9,24,26.5,27.6,26.7,21.6,25.3,26.4,24.1,19,24.2,32.7,26.27,21.4,24.35,27.97,30,17.5,24.7,27.8,93.1,0.1,0.5,6.2,7,7.9,22.7,26.1,20.5,11.5,4.3,11.3,14.7,24.4,17.7,15,10.2,6.7,3.7,18.9,27.4,22.9,16.1,7.9,3.3,,,,,,,,3.7,18.6,27.2,23.1,15.8,8,3.6,3.7,18.3,26.8,22.8,15.6,8.6,4.1,3.5,21.5,26.7,21.1,14.7,8.4,4,0.7,10.8,0.8,1.9,0,0,85.8,0,0.6,11.7,0.9,1.4,0,0,85.4,0,68.4,10.5,0.8,0.2,9.1,4.5,0.3,0.4,70.1,11.9,0.7,0.1,7.7,4.1,0.4,2,68.5,11.6,0.6,0.1,7.6,3.5,0.4,0.3,79.7,6.8,0.4,0,4.2,7.4,0,0.1,85.5,4.6,0.3,0,2.8,5.7,0,0.1,73,27,73,27,67.3,32.7,67.4,32.6,66.5,33.5,65.4,34.6,64.3,35.7,14.3,0.1,0,85.6,14.7,0.1,0,85.2,95.7,0,0,4.3,97.4,0,0,2.6,94.7,0,0,5.3,93.36,0.05,0.02,6.58,89.6,0.2,0,10.2
Pakistan,96434,124924,104720,44266,41659,39018,14232,28.1,20.2,27.9,23.8,27.3,19,30,23.7,22.3,24.7,28.5,24.6,26.2,21.1,28.1,24.6,19.88,19.76,27.42,32.94,40.4,21.8,15.1,22.8,66.7,0.6,9,23.8,5.4,7.9,15,19.9,20.7,18.8,12.3,6.4,8.3,22.8,26.2,20.6,11.5,4.2,8.5,13.5,29.9,19.6,14.3,8.6,5.5,,,,,,,,17.6,14,15.8,15.9,15.6,12.3,8.8,15.8,10.7,22,20.2,15.5,9.5,6.2,18.2,12.5,23.1,20.2,13.8,7.8,4.4,9.3,0.1,43.8,6.1,10.6,0.1,30,0,10.5,0.7,47.3,7.7,5.2,0.1,28.5,0,4.1,4.6,0.3,0,0,0.3,0,0.1,5,6.3,0.4,0,0,0,0,2.1,3.8,8.5,0.4,0,0,0,0,0,1.9,3.4,0.2,0.1,0.2,0.1,0.2,0,2.6,4.8,0.4,0.1,0.1,0,0.1,0.1,57.1,42.9,55.8,44.2,76.8,23.2,54.6,45.4,54.9,45.1,68.1,31.9,72.11,27.89,89.3,0.2,0,10.5,89.3,0.2,0,10.5,9.5,0.1,21.3,69.1,11.8,0.2,39.7,48.3,12.8,0.1,32.6,54.5,6.66,0.04,26.27,67.04,3.6,1.9,0,94.5
Sri Lanka,301601,299513,297418,303590,353684,330861,68646,26.6,19.6,26.4,27.4,28.4,18,26.3,27.3,28.8,19.2,28.3,23.7,28.6,20.8,18.6,32,27.11,16.6,31.65,24.64,29.9,15.7,30.5,23.9,98.2,0.2,0.5,1.1,3.7,15.6,30.8,23.9,15.8,6.9,3.3,5.2,7.8,14.5,18.7,20.2,20.4,13.2,5.4,8.2,15.1,18.7,20.1,19.5,12.8,,,,,,,,4.8,7.4,13.8,16.6,19.4,22.4,15.6,4.5,7.1,14.6,17.1,19.4,21.7,15.5,3.7,8.2,16.7,18.9,19.9,19.2,13.5,3,26.3,0.9,47,0.2,0,22.6,0,1.5,27.8,0.4,51.1,0.3,0,18.9,0,12.1,10.3,50.8,0.1,4.8,1.6,0.1,2,11.7,9,43.2,0,6.8,1,0.4,8.3,11.7,7.5,46.1,0,5.3,0.5,0.6,1.3,13.7,11.9,43.1,0,16.8,1.2,3.5,1.4,17.7,14.9,37.9,0,15.9,1.2,3.6,1.3,59.9,40.1,58.3,41.7,56.4,43.6,54.5,45.5,52.5,47.5,52.6,47.4,57,43,88,1,0,11,90.4,0,0,9.6,97.3,0.3,0,2.4,90.8,0.2,0,9,85.3,0.2,0,14.5,85.95,0.18,0,13.88,89,0.6,0,10.4
Indonesia,32215,34933,35084,43973,46867,50177,11795,26.3,21.1,23,29.6,23.4,19,24.6,32.9,28.3,19.4,22.2,30.1,25.2,17.1,31.4,26.3,25.68,19.74,22.23,32.35,30.6,18.1,23.3,28,87.9,3,4,5.1,3.1,6.6,24.5,29.3,20.6,11.5,4.4,3.4,18.4,29.9,22,15.3,6.9,4.1,3,8.1,26.3,29.4,19.3,10.3,3.7,2.7,9.7,27.6,25.9,19.6,10.6,3.9,2.9,9.4,27.8,24.3,19.4,11.3,4.9,2.8,8.6,26.7,25.3,20,11.6,5,2.3,8.4,26,26.3,20.7,11.3,4.9,25.7,5.2,8.6,34.3,9,4,13.2,0,28.5,6.3,7.5,33.5,8.8,4.3,11.1,0,35.5,26.7,7.9,0.1,8.2,3,4.2,3.2,39.7,25.7,6.8,0.1,8.3,3.8,3.4,0.3,39.4,22,6.8,0,9.4,3.7,2.9,2,20.5,17.8,14.3,0,14.5,12,5,6.4,28.2,19.8,9.3,0.1,10.3,8.1,6.7,4.5,59,41,64.3,35.7,60.9,39.1,57.7,42.3,53,47,54,46,57.28,42.72,94.3,2.8,0,2.9,94.4,3.5,0,2.1,95.4,4.2,0,0.3,96.2,2.7,0,1.2,95,2.7,0,2.3,95.23,3.01,0.02,1.75,83.8,14.4,0,1.8
Malaysia,262026,272941,301961,322126,319172,334579,69897,26.7,20.4,22.6,30.3,26.3,20.7,24.8,28.2,25.8,19.8,25.8,28.5,23,19.8,23.4,33.7,29.81,20.79,22.99,26.4,27.5,20.1,24.8,27.6,98,0.6,0.4,1.1,7.9,11.5,19,21,19.3,14.8,6.5,2.8,6.8,24.8,31.1,19.5,10.8,4.2,8,11.8,20,20,18.5,15.1,6.5,8,11,19.9,19.9,18.8,15.6,6.8,7.4,11.5,20.4,19.8,18.8,15.9,6.2,7.2,9.8,20.1,19.9,19.1,16.5,7.5,5.5,10,21.7,19.5,18.7,16.7,7.9,10.1,2,25.3,15.1,6.5,2.3,38.7,0,10.4,1.9,22.4,14.4,6.2,3,41.7,0,14.5,9.4,21.3,0,5.9,1.7,2.8,9.2,15.2,8.5,21.5,0,5.9,1.7,2.3,8.9,17.2,8.4,24.8,0,5.7,1.6,2.3,6,24.8,22.3,9.5,0,11.7,7.9,6.8,5.2,12.5,6,22.5,0,9.6,6.5,4.3,8.3,53.2,46.8,53.8,46.2,52.6,47.4,52.1,47.9,50.5,49.5,51.2,48.8,53.95,46.05,99.1,0.1,0,0.8,99.2,0.3,0,0.5,99.4,0.5,0,0.1,99.3,0.4,0,0.4,99.2,0.3,0,0.5,98.97,0.59,0,0.44,98.2,1.4,0,0.4
Myanmar,54631,55341,51376,56952,75773,86842,35291,34.3,13.6,8.1,44,47.4,14.3,6.4,31.9,43.2,14.5,8,34.3,26.2,21.6,22.5,29.7,41.05,12.18,6.2,40.58,41.4,10.6,6.7,41.3,97.5,0.7,0.9,1,1.3,4.5,12.7,16.7,21.7,24.5,18.6,7.8,12.2,19.5,20.5,19,14.8,6.2,1.3,5.2,13.5,16.1,21.4,25.1,17.3,1.6,5,13.4,16,21.7,25.5,16.9,1.3,4.4,12.5,14.6,21.9,27.2,18.1,1.3,4.4,12.2,14.9,21.8,27.3,18,0.8,3.4,10.3,13.4,22.2,29.2,20.7,2.4,7.4,4.6,5.2,0.5,0.4,79.5,0,2.8,5,5.1,5.5,0.6,0.5,80.5,0,7.4,3.4,5.6,0,0.8,5.9,0.7,0.3,6.7,2.8,5.9,0,0.6,6.2,0.9,3.3,6.5,2.5,4.9,0,0.5,6.8,0.6,0.3,13.2,7.2,17.5,0,10.5,6,4.9,11,9.1,2.2,2.4,0,1.3,71.4,1.1,0.7,45.3,54.7,44.7,55.3,46.5,53.5,44.9,55.1,42.5,57.5,42.3,57.7,40.14,59.86,59.9,2,0,38.1,64.1,2.8,0,33.1,80.4,4.4,0,15.3,77.4,3.4,0,19.2,64.6,1.5,0,33.9,63.76,1.24,0,35,56.1,2.6,0,41.3
Philippines,43240,47912,52692,53963,53473,56393,16052,25.4,23,23,28.6,24.9,23.1,26.1,25.9,26.5,23.1,23.7,26.7,32.2,11,7.6,49.2,26.85,22.67,24.32,26.15,25.6,23.3,24.2,26.9,72.2,5.4,11.8,10.7,2.4,5.5,40.6,27.5,16.4,6.5,1.1,1.6,4.7,12.7,16.6,21.5,24.9,18,2.2,8.2,38.8,27.8,15.9,6.3,0.9,2.4,8.8,37.8,28.7,15.2,6,1,2.7,6.9,40.6,28.3,14.5,5.8,1.2,2.7,6.7,39.9,29.8,14.6,5.2,1.2,2.1,6,37.9,30.7,16.6,5.6,1.1,22,3.2,10.7,19.3,6.8,5,33,0,22,3.3,9.1,16,7,5.6,37,0,17.4,20.2,8,0,6.2,3.1,5.8,8.5,17.5,18.5,8,0,7.1,3.4,5.6,1,20.7,19.8,9.1,0,9.2,8.7,6,8.9,14.4,9.4,9.2,0,5,49.5,1.8,1.6,31.9,15.6,13.2,0,6.6,4,7.5,2.5,53.2,46.8,56,44,53.5,46.5,51,49,45.2,54.8,45,55,59.72,40.28,81.1,18.8,0,0.1,76.1,23.8,0,0.1,77,23,0,0,78.8,21.1,0,0.1,86.4,13.6,0,0,84.88,15.03,0,0.08,61.2,38.7,0,0.1
Singapore,150731,152238,163688,175852,183581,190089,33747,23.8,23.2,21.6,31.4,23.2,23.1,22.5,31.2,23.4,22,22.7,31.8,24.6,23.6,24.8,26.9,24.45,22.26,22.33,30.96,24.5,22.1,23,30.4,94.7,0.4,1.3,3.5,8,7.7,15.2,23.2,25.3,14.8,5.8,2,7,38.7,28.4,16.6,6.4,0.9,8,7.8,15.6,22.1,26,14.9,5.7,7.6,8,15.7,20.9,26.5,15.3,6.1,7.4,7.7,15.6,20.3,26.8,15.8,6.4,7.3,7.5,15.5,19.3,27,16.6,6.8,4.3,6.7,17.3,18,27.1,18.7,7.8,20.4,2.2,28,21.9,7.3,2.2,18,0,20.9,2.6,25.2,20.7,7.8,2.5,20.3,0,19.3,20.5,24.3,0,7.6,2.4,2.4,3.3,18.4,20,24.7,0,7.8,2.1,2.5,1.1,19.7,19.3,23.6,0,9,2.3,2.4,2.6,27.8,17,12.3,0,8.9,4.4,7.2,3.2,14.5,13.3,21,0,9.2,5.4,3.7,2.6,59.4,40.6,59.1,40.9,58,42,57.2,42.8,57.3,42.7,57,43,58.66,41.34,99.6,0.1,0,0.3,99.7,0.1,0,0.2,99.8,0.1,0,0.1,99.6,0.1,0,0.3,99.6,0.2,0,0.2,99.64,0.14,0,0.21,99.2,0.3,0,0.5
Thailand,121362,115860,119663,140087,166293,169956,52626,37.2,15.6,12.5,34.7,40.1,14.8,13.3,31.8,37.1,16.4,15.7,30.7,23.3,22.7,22.8,31.2,33.75,16.81,15.09,34.35,37,15.6,14.1,33.4,97.1,0.8,1,1.2,3.4,6.5,19,21.9,21.7,17.9,9.6,8,7.5,15.6,23.2,25.5,14.5,5.7,3.5,6.7,20.2,22.4,20,17.6,9.6,3.3,6.1,19.7,22.6,20.1,18.1,10.2,2.8,5.7,19.3,22.5,19.8,18.7,11.2,2.7,5.8,20.1,23,19.6,17.9,10.9,1.7,4.5,15.9,21.1,20.8,21.7,14.3,10.1,20.8,3.6,27.8,4.6,0.8,32.3,0,12,21.6,3.8,23.9,5.2,1.1,32.4,0,28.3,13,4.5,0,5.3,24,1.3,0.7,26.7,10.9,3.7,0,4.7,20.3,1.2,0.7,25.1,9.6,3.2,0,4,15.2,1.2,0.8,14.8,14.7,20.2,0,10.7,5.7,4.5,3.4,28.6,21.1,8.4,0,11,16.1,2.7,1.8,44.1,55.9,46.4,53.6,43.4,56.6,,,40.2,59.8,40.4,59.6,41.92,58.08,79.2,0.9,0,19.9,81.6,0.8,0,17.6,92.7,0.9,0,6.4,89.5,0.6,0,9.9,83.7,0.3,0,16,84.98,0.69,0,14.34,73.6,2.9,0,23.6
Vietnam,15132,15341,16728,23771,31427,33636,8828,26.2,13.5,18.9,41.4,30.2,16.6,19.9,33.3,28.9,13.1,21.4,36.6,28.7,15.8,15.7,39.8,28.12,12.19,16.03,43.66,28.7,10.9,15.6,44.8,95.2,0.9,1.6,2.4,1.3,6.1,24.2,23.2,17.5,18.4,9.3,3.8,6.6,18.7,22.3,21,18.1,9.5,1.8,7.4,30.8,24.9,16.3,13.4,5.5,1.5,5.8,27.5,23.5,16.4,16.3,8.9,1.4,5.7,25.1,23.5,17.7,17.4,9.2,1.5,5.7,25,23.8,18.3,16.7,8.9,2.7,8,28,21.7,15.5,15.2,8.9,11.3,13.3,4.1,24.2,6,2.2,38.9,0,13.7,7.8,4.4,31.9,7.1,2.3,32.8,0,40.9,12.2,3.9,0,6.7,6.9,2.4,1.2,34.6,10.1,3,0,5.7,6.1,2.1,0.9,31.3,8.8,3.3,0,5.3,7.5,1.7,1,27.2,19.3,7.8,0,12.7,16.5,3.3,2.4,30.5,8.5,5,0,5.6,42,2,1.8,48.4,51.6,51.3,48.7,51.5,48.5,45.8,54.2,42.4,57.6,41.8,58.2,44.87,55.13,74.3,4.4,0,21.3,79.8,6.5,0,13.7,88.5,7.6,0,3.9,80,5.2,0,14.8,77.6,1.7,0,20.7,78.81,2.42,0,18.77,77.1,6.5,0,16.4
China,181020,206322,251313,247235,281768,339442,39586,28.3,19.8,22.4,29.5,26.8,19.7,22.9,30.6,28.9,19.8,22.1,29.2,31.4,22.7,20.2,25.7,26.84,19.59,23.57,30,27.6,19.3,21.8,31.3,94.6,1.1,1.4,2.9,1.3,6.8,39.3,26.3,16.1,7.2,3,1.4,7.8,40,25.8,15.4,6.7,2.9,1.3,7.2,39.2,25.5,16,7.3,3.4,1.4,7.2,40.2,26.9,15.3,6.1,3,1.3,6.9,38.5,28.5,15.2,6.5,3.1,1.3,5.9,36.8,28.4,14.9,8.1,4.6,4,7,34.6,26.1,15.7,8,4.6,17.8,6.7,7.7,51.5,8.4,2.7,5.2,0,18.8,6.4,7.7,52.1,7.8,2.4,4.8,0,54.9,18.4,6.6,0,7.3,6.5,2.4,0.5,53.1,18.9,6.8,0,7.8,6.3,2.7,0.9,53.8,18.7,6.9,0,8.1,5.6,2.6,0.6,19.7,19.3,9,0,13.5,23,4.8,4.2,43.6,19.7,6.6,0,7.1,14.2,3.5,1.7,63.4,36.6,63.8,36.2,62.9,37.1,63.7,36.3,63.1,36.9,63.3,36.7,55.4,44.6,96.9,0.1,0,2.1,97.2,1.6,0,1.2,98.3,1.2,0,0.5,98.4,1,0,0.6,98.1,0.4,0,1.5,98.25,0.62,0,1.13,93.9,4.3,0,1.9
Japan,219516,207415,208847,222527,236236,238903,48191,28,19.7,25.1,27.2,,,,,28.6,20.3,24.4,26.7,,,,,27.75,20.2,24.62,27.44,28.2,20.9,24.2,26.7,93.4,0.5,1.7,4.3,1.3,5.6,21.9,25.5,23.6,16.7,5.4,1.2,6.2,23.3,25.6,22.5,16,5.2,3.5,5.1,18.3,24.7,26.7,14.3,7.4,3.4,5.8,18,23.7,26.7,14.7,7.6,3.3,6,17.9,23.8,26.3,15,7.7,3.5,5.9,18.1,23.4,26.2,15.5,7.4,3.8,6.5,17.4,22.3,25.1,15.5,9.4,12.2,3.2,8.6,52.1,9.2,1.8,12.9,0,14.9,3.6,8.6,52.9,10,1.8,8.2,0,57.4,16,9.4,0,9.6,2.6,1.3,0.7,58.1,17.3,8.4,0,8.7,2.4,1.2,0.9,57.8,17.6,8.2,0,8.3,2.4,1.5,0.8,37.7,22.9,7.7,0,7.8,11.6,3.9,3.5,48.5,26.7,8.8,0,6.8,2.9,1.9,1.5,50.3,49.7,54.2,45.8,73.6,26.4,73.1,26.9,73.2,26.8,72.4,27.6,68.3,31.7,98.8,0.1,0,1.1,96.4,0.1,0,3.5,99.4,0.2,0,0.4,99.3,0.2,0,0.5,99.1,0.3,0,0.6,98.98,0.25,0,0.77,98.6,0.2,0,1.2
Rep. of Korea,106870,102993,111076,142383,150536,149445,32302,32.1,19.1,22.6,26.2,31.1,19.7,23.1,26.1,30.1,19.1,23.1,27.7,28.1,20.2,24.3,27.3,29.43,19.17,23.87,27.54,31.9,20.9,22,25.3,81,3.2,6.1,9.6,3.2,4.8,18.3,24.1,25.2,15.1,9.3,3.2,4.5,18,24.6,26.3,14.6,8.8,4.9,8.7,19.1,25.7,23.4,14.4,3.9,4.4,8,18.1,23.6,23.1,17.3,5.5,4.5,6.7,17.7,24.5,23.9,17.4,5.3,4.7,6.2,17.5,25.6,23.9,16.8,5.3,6.2,8,16.1,23.6,24.1,17,4.9,12.9,3,9,61.8,8.6,1.2,3.5,0,13.3,2.7,9.6,58.7,9.7,1.6,4.4,0,47.8,19.8,16,0,6,3.7,1.7,1.1,58.7,14.4,13.3,0,4.8,2.5,1.4,8,54.8,13.7,13.9,0,7.7,1.9,1.7,0.7,39.4,27.5,9.8,0,11.7,3.8,3.1,1.6,53.4,21.8,6,0.1,7.5,3.5,2,1.4,71.2,28.8,74,26,64.3,35.7,60.7,39.3,62.7,37.3,64.6,35.4,61.48,38.52,95.5,0.3,0,4.2,98.1,1.2,0,0.7,98,0.3,0,1.7,97.4,0.3,0,2.3,95.9,0.3,0,3.8,96.32,0.41,0,3.28,94,0.9,0,5
Taiwan,35857,36349,42327,47043,49457,48195,8969,29.7,16.8,22.7,30.8,32.8,16.9,22.3,28,32.6,16.8,24.5,26.1,27.6,20.5,24.2,27.7,29.73,19.22,23.75,27.3,30.8,16.9,25,27.2,97.7,0,0.5,1.7,4.6,9.2,21,25.5,23.1,13,3.6,4.9,9.3,20.3,26,23.2,12.9,3.4,1.3,5.6,22.6,24.6,22.9,17,6,1.3,5.3,21.3,23.7,22.5,18.1,7.8,1.3,4.8,20.9,23.9,22.5,18.1,8.5,1.3,4.7,19.8,23.1,23.3,19.1,8.7,2.1,6.1,20.7,21.1,22.1,18.6,9.4,18.2,3.9,18.1,43.1,6.2,1.9,8.6,0,20.2,4.2,17.5,43.6,6.5,1.8,6.2,0,58.8,13,8.2,0,7.8,3,1.5,0.8,58.7,11.9,7.9,0,8,2.6,1.4,6.7,57.3,11.8,8,0,8.8,2.4,1.8,0.8,43.6,20.2,9.6,0.1,13.3,4.2,3.8,1.5,33.1,20.5,12.7,0.1,10.2,7.7,4.3,1.6,64.6,35.4,65.8,34.2,51.4,48.6,50.9,49.1,51.3,48.7,51.6,48.4,47.47,52.53,94.1,0.1,0,5.8,97.3,0.5,0,2.2,98.1,0,0,1.9,97.1,0.2,0,2.7,96.2,0.2,0,3.6,95.9,0.31,0,3.79,93.8,0.4,0,5.8
Australia,239762,263201,293625,324243,346486,367241,86758,25.2,17.1,18.4,39.3,25.7,16.7,17.6,40,26.9,15.3,18,39.8,25.4,16.6,18.3,39.7,26.71,16.51,17.67,39.11,26.6,17,16.9,39.5,95.2,0.4,1.2,3.2,17.2,7.3,19.4,21,16.6,12.3,6.2,18.1,7.3,19.7,21,16,11.5,6.4,19.1,6.8,18.4,21.6,15.7,11.4,6.9,,6.7,17.3,22.4,15.5,11.1,7,20.3,6.3,15.3,23.1,15.6,11.4,8,21,6,13.9,24.5,15.6,11.1,7.9,18.5,6.4,16.2,24,14,11.6,8.7,17.9,3.9,10,37.4,8.6,5.8,16.4,0,3.7,8.9,37.3,8.8,0,6.4,17,0,37.7,16.8,8.8,0,8.2,3.5,6.3,7.3,37.8,16.4,8.5,0,8.1,3.2,6.4,0,38.2,15.7,8.6,0,8.5,3,6.4,8.6,39.9,12.8,6.6,0.1,2.5,9.5,6,14.3,39,13,7.2,0.1,7.2,2.2,8.9,2.2,57.9,42.1,57.8,42.2,57.2,42.8,56.8,43.2,56.5,43.5,56.1,43.9,56.37,43.63,99.1,0.1,0,0.8,98.8,0.8,0,0.4,98.5,1.3,0,0.2,98.9,0.8,0,0.3,97.9,1.7,0,0.4,97.77,1.85,0.01,0.38,98.1,1.1,0,0.9
New Zealand,42864,45171,50917,56597,60664,65551,16653,25.5,16.3,18.3,39.9,25.4,16.5,17.9,40.2,25.3,14.9,18.8,41,25.7,15.8,18.3,40.3,27.26,16.33,17.34,39.06,27.6,17.2,16.6,38.6,94.2,0.8,1.5,3.5,15,8.8,14.1,19.2,21.4,15.1,6.4,15.7,9.4,13.6,18.5,21.2,14.7,6.9,16,8.5,14.1,18.1,20.6,14.9,7.7,,,,,,,,17.1,7.7,14.3,17.2,19.9,15.1,8.7,17.4,7.4,14.3,17.2,19,15.1,9.5,17.6,7.6,17,16.5,17.9,14.4,8,27.5,3.6,7.7,36.9,6.2,5.8,12.3,0,3.3,6.4,39.7,6.1,0,5.9,12.7,0,40.1,25.6,6.5,0,5.9,3.4,5.7,5.5,38.5,26,6.5,0,6,3.2,5.9,0,39.9,25,6.4,0,6.6,2.6,5.7,6.6,49.6,18.3,5.3,0,2.1,4.5,8.3,5.6,48.7,19.5,5.2,0,5.9,1.5,3.9,9,55.8,44.2,55.3,44.7,55.2,44.8,54.3,45.7,54.6,45.4,54.5,45.5,54.9,45.1,99.1,0.2,0,0.7,98.8,0.7,0,0.5,98.9,0.8,0,0.2,98.9,0.7,0,0.4,98.7,0.9,0,0.4,97.58,1.95,0,0.48,98.2,0.8,0,1
